original,augmented
"답,대답","답,대답,회신,응답,응수"
"그냥,그저","그냥,그저,단지,다만,오로지"
"대립,대치","대립,대치,충돌,갈등,반목"
"신선하다,새롭다,새,신","신선하다,새롭다,새,신,참신하다"
오세아니아,오세아니아
"황홀,휘황하다,휘황찬란하다","황홀,휘황하다,휘황찬란하다,찬란하다,눈부시다"
"못생기다,못나다,추하다,밉다","못생기다,못나다,추하다,밉다,흉측하다"
"잃어버리다,분실,잃다","잃어버리다,분실,잃다,상실하다"
식장,"식장,예식장,결혼식장"
홍콩,홍콩
"대답,답","대답,답,응답,회신"
신호등,"신호등,교통신호등"
"보물,보석,보화","보물,보석,보화,귀중품"
"전달,전갈,전하다","전달,전갈,전하다,통지,알리다"
"터뜨리다,폭발,폭파","터뜨리다,폭발,폭파,발파"
레바논,레바논
화산,화산
보석상,"보석상,주얼러"
겹치다,"겹치다,중복되다"
장군,"장군,대장"
"축사,축하사","축사,축하사"
"원래,본래","원래,본래,처음부터"
"식,축하,잔치,행사,파티","식,축하,잔치,행사,파티,연회"
(화학)실험,"(화학)실험,화학실험"
"기금,기본금","기금,기본금,자금"
유행,"유행,트렌드"
신문사,"신문사,언론사"
신문,"신문,뉴스페이퍼"
"오해,곡해","오해,곡해,착각"
"반짝,반짝이다","반짝,반짝이다,빛나다"
세례,"세례,침례"
"원금,자금,원가,본전","원금,자금,원가,본전,원래금액"
전과,"전과,범죄기록"
"고백,고해","고백,고해,자백"
맥주,"맥주,비어"
"등대,광탑","등대,광탑,라이트하우스"
빵,"빵,브레드"
선전,"선전,광고"
"대화,대담","대화,대담,토론"
별,"별,성"
불평,"불평,불만"
신기록,"신기록,최고기록"
행사장,"행사장,이벤트홀"
"새해,신년","새해,신년,연초"
"본질,본성,근성,부성,부질,본바탕,성근,솔성,천질,체성,품성,품질","본질,본성,근성,부성,부질,본바탕,성근,솔성,천질,체성,품성,품질"
"고발,고자질,일러바치다","고발,고자질,일러바치다,밀고"
날리다,"날리다,흩날리다"
"근본,기반,기본,기초,바탕,뿌리","근본,기반,기본,기초,바탕,뿌리,토대"
새어머니,"새어머니,계모"
새아버지,"새아버지,계부,의붓아버지"
빵집,"빵집,제과점,베이커리"
"광,광선,라이트,빛,조명,비추다,비치다","광,광선,빛,조명,라이트,밝기,비추다,비치다,조명하다"
신도시,"신도시,신흥도시,계획도시"
혁신,"혁신,개혁,쇄신,변혁,개선"
"게우다,구토,토하다","게우다,구토,토하다,토사물,뱉다"
"제과점,빵집","제과점,빵집,베이커리"
오케이,"오케이,좋아,알았어,인정,괜찮아"
"망신,체면을 구기다","망신,체면을 구기다,창피,수치,망쳐버리다"
"뇌물을 주다,매수","뇌물을 주다,매수,뇌물공여,금품제공"
"수뢰,뇌물을 받다","수뢰,뇌물을 받다,뇌물수수"
고등,"고등,고차원,상위단계"
고급,"고급,고품질,상류,럭셔리"
문법,"문법,언어규칙,구문론"
"글월,문,문구,문장","글월,문,문구,문장,구절,문서"
"배부르다,부르다","배부르다,부르다,포만감 있다"
불화,"불화,다툼,갈등,충돌"
입장을 바꾸다,"입장을 바꾸다,관점을 바꾸다,생각을 바꾸다"
(불빛을)켜다,"(불빛을)켜다,불을 켜다,점등하다"
폴란드,폴란드
토요일,토요일
"땅,육지,토지","땅,육지,토지,대지,지면"
삼키다,"삼키다,꿀꺽하다,넘기다"
드레스,"드레스,원피스,예복"
"주다,내밀다,내주다,건네주다,제공,교부","주다,내밀다,내주다,건네주다,제공,교부,전달하다"
어지럽다,"어지럽다,현기증 나다,빙빙 돌다"
어마어마하다,"어마어마하다,거대하다,엄청나다,굉장하다"
육군,"육군,지상군,군대"
배낭,"배낭,백팩,가방"
"고등학교,고교","고등학교,고교,고등교육기관"
"까다,벗기다","까다,벗기다,탈피하다"
문인,"문인,작가,문학가"
문어,문어
아프리카,아프리카
시인,"시인,작시가,시를 쓰는 사람"
슬그머니,"슬그머니,살짝,몰래,조용히"
"이불,침구,덮다","이불,침구,담요,덮다,덮개"
"켜다,켜지다,전깃불","켜다,켜지다,불을 켜다,점등하다,전등,전깃불"
"가입,등록","가입,등록,참여,신청"
"넣다,담그다","넣다,담다,담그다,집어넣다"
감,감
물러나다,"물러나다,후퇴하다,물러서다,사임하다"
"붓다,부풀다,부풀리다,부어있다","붓다,부풀다,부풀리다,부어오르다"
수제비,수제비
"창원,창원시","창원,창원시"
도토리,"도토리,참나무 열매"
만,만
낙하산,낙하산
퇴직금,"퇴직금,퇴직수당,퇴직 보상금"
공수부대,"공수부대,낙하산부대,공정부대"
등록비,"등록비,입회비,신청비,가입비"
"박학,유식","박학,유식,박식,학식 깊다,해박하다"
"뽀뽀,입맞춤,키스,맞추다","뽀뽀,입맞춤,키스,입맞추다"
빼버리다,"빼버리다,제거하다,없애다,삭제하다"
회비,"회비,모임비,단체비"
"이어 내리다,전통,내려오다","이어 내리다,전통,내려오다,계승,유산,이어지다"
"고등학생,고교생","고등학생,고교생,고등학교 학생"
회원,"회원,멤버"
호두,호두
탈퇴,"탈퇴,이탈,탈회,나가다"
"틈,(바닥에 생기는)균열","틈,(바닥에 생기는)균열,갈라짐,금,금간 곳"
유행,"유행,트렌드,붐,흐름"
"튀르키예공화국(약칭 튀르키예),터키","튀르키예공화국(약칭 튀르키예),터키"
중국,중국
(양복을)맞추다,"(양복을)맞추다,주문하다,제작하다"
"속어,비속어","속어,비속어,저속어,은어"
"호각,호루라기,휘슬","호각,호루라기,휘슬,휘파람"
"짧다,가깝다","짧다,길지 않다"
"숙부,작은아버지","숙부,작은아버지,친삼촌"
특수 교육 지원 센터,"특수 교육 지원 센터,특수교육기관"
지점,"지점,분점,지사"
"일개월,달","일개월,달,한 달"
묵도,"묵도,침묵 기도,조용히 기도함"
"저자,저작자,지은이,필자","저자,저작자,지은이,필자,작가,글쓴이"
높이,"높이,고도,위도"
기타,"기타,그 외,그 밖에"
"근방,가까이,근처,부근,인근","근방,근처,부근,인근,가까이"
"유예,연기,물리다,미루다","유예,연기,미루다,연장하다,늦추다"
"브래지어,브라","브래지어,브라,속옷(상)"
"바느질,꿰매다,침선","바느질,꿰매다,재봉,침선"
"별로,그다지","별로,그다지,썩"
"필기,쓰다,적다,쓰기,저술,서술","필기,쓰다,적다,쓰기,기록하다,저술,서술"
미미하다,"미미하다,작다,사소하다,하찮다"
(입을)닫다,"(입을)닫다,입을 다물다,말을 멈추다,다물다,닫다"
"말없다,묵묵하다,침묵,함구","말없다,묵묵하다,침묵,함구,조용하다"
놀리다,"놀리다,희롱하다,조롱하다,장난치다"
"순서,목차,순번,순위,절차,차례,프로그램","순서,목차,순번,순위,절차,차례,프로그램,진행표"
"숙모,작은어머니","숙모,작은어머니,작은 엄마"
"솔직하다,정직","솔직하다,정직,숨김없다,진솔하다"
"특히,각별,별,특별,특수,특별히","특히,특별히,각별히,특수하게,유난히"
"뜨다,개안","뜨다,개안,눈을 뜨다,눈뜨다"
장롱,"장롱,옷장,장식장"
사기꾼,"사기꾼,협잡꾼,사기범,속이는 사람"
"축구,차다","축구,차다,킥,볼차기"
"점차,점점,차차,차츰","점차,점점,차차,차츰,서서히"
"사기,기만","사기,기만,협잡,속임수"
"보류,유보","보류,유보,연기,중단"
"그만하다,고만하다,이만하다,저만하다","그만하다,고만하다,이만하다,저만하다"
"먼데,먼 곳","먼데,먼 곳,멀리,외지"
"방금,방재","방금,방재"
성냥,성냥
월세,"월세,임대료,월 임차료"
"월급,급료,봉급,월봉","월급,급료,봉급,월봉,급여,연봉"
"영원,무궁,길이,불후,영구,영영","영원,무궁,길이,불후,영구,영영,영속"
지부,"지부,지사,분회,지역지부"
이,이
"작다,다소,약간,조금,약소하다,자그마하다,적다,조그마하다","작다,다소,약간,조금,약소하다,자그마하다,적다,조그마하다,소규모"
울릉도,울릉도
울다,"울다,오열하다,흐느끼다,눈물을 흘리다"
"연필,목필","연필,목필,펜슬"
"사무원,사무직원","사무원,사무직원,행정직,오피스워커"
"사무실,서무실","사무실,서무실,오피스,오피스룸"
사무,"사무,업무,행정업무"
위인,"위인,훌륭한 사람,위대한 인물,역사적 인물"
"준말,약어","준말,약어,축약어,생략형"
"머리카락,모발,두발,머리털","머리카락,모발,두발,머리털,헤어"
"기록,기술","기록,기술,기입,메모,서술"
미소,"미소,웃음,살짝 웃기"
"슬프다,슬픔,슬퍼하다,설움","슬프다,슬픔,슬퍼하다,설움,비애,비통"
"음력,음세,태음력","음력,음세,태음력"
"옷,의복,의상","옷,의복,의상,복장,의류"
가야금,가야금
"길이,장단,단장","길이,장단,단장,거리"
"길다,오래다,오래","길다,오래다,오래"
긍휼,"긍휼,자비,연민,동정"
"멀다,멀리","멀다,멀리,원거리"
껌,"껌,씹는 껌,풍선껌"
깨다,깨다
(불을)지르다,"(불을)지르다,불붙이다,방화하다"
특허권,"특허권,발명권,지적재산권"
특수 교육 대상자,"특수 교육 대상자,특수학생,특수아동"
특례,"특례,예외조치,특별규정"
"불쌍하다,가련하다,가엾다,애처롭다,측은하다,자비","불쌍하다,가련하다,가엾다,애처롭다,측은하다,자비,연민,동정,불쌍,가련,가여움"
"봉급생활자,봉급자,샐러리맨","봉급생활자,봉급자,샐러리맨,월급쟁이"
울음,"울음,흐느낌,눈물"
소액 재판,"소액 재판,소송,간이소송"
오열,"오열,통곡,흐느낌"
기다랗다,"기다랗다,길쭉하다,길다"
축구장,"축구장,경기장,풋볼필드"
"잠깐,잠시","잠깐,잠시,짧은 시간"
"거의,거개,대부분,주로","거의,거개,대부분,대개,주로"
골인,"골인,득점,골 넣기"
나비넥타이,"나비넥타이,보타이"
특수교육,"특수교육,특별교육,장애아교육"
비정,"비정,인정머리 없음,냉정"
연지,연지
사무소,"사무소,지사,오피스"
월부,"월부,할부,월납"
"월,달","월,달,한 달,월간"
"오랜만,오래간만,오랫동안,오랜,모처럼","오랜만,오래간만,오랫동안,오랜,모처럼"
기자,"기자,취재기자,보도인"
"훌륭하다,위대하다","훌륭하다,위대하다,뛰어나다,우수하다"
사무직,"사무직,행정직,오피스잡"
"걷어차다,(사람을) 차다","걷어차다,(사람을) 차다,발로 차다,차버리다"
작은할아버지,"작은할아버지,종조부"
"오랜만,오래간만,오랫동안,오랜,모처럼","오랜만,오래간만,오랫동안,오랜,모처럼"
허술하다,"허술하다,느슨하다,엉성하다,허술하게"
"동기,동창,동창생","동기,동창,동창생,학우"
파키스탄,파키스탄
특성,"특성,특징,개성,성질"
"고루고루,유사,흡사,근사하다,비슷하다,유사하다,흡사히","고루고루,유사,흡사,근사하다,비슷하다,유사하다,흡사히,닮다,유사성"
재단사,"재단사,재봉사,옷 만드는 사람"
잣,"잣,잣나무 열매"
"천,일천","천,일천,1000"
천년,"천년,천 년,1000년"
흙,"흙,토양,진흙,땅"
"백,일백","백,일백,100"
모래,"모래,사질,모랫알"
"먼지,티끌","먼지,티끌,분진"
백화점,"백화점,쇼핑센터,종합상점"
백제,백제
"백일,백날","백일,백날,100일"
대가,"대가,보상,댓가,값"
저울,"저울,무게재는기구,계량기"
"십,열","십,열,10"
"지다,일몰,해넘이","지다,일몰,해넘이,저물다"
자금,"자금,돈,자본,재정"
금리,"금리,이자율,이율"
구매자,"구매자,구입자,소비자,바이어"
"사용자,소비자,컨슈머","사용자,소비자,컨슈머,이용자"
(신체기관)장,"(신체기관)장,내장,기관,장기"
(이가)빠지다,"(이가)빠지다,이 빠지다,이탈"
ㅇ,ㅇ
"비리,부정","비리,부정,부패,불법"
"문득,언뜻","문득,언뜻,갑자기,불현듯"
누명,"누명,억울한 죄,허위죄명"
내다,"내다,제출하다,주다,내놓다"
"인상,오르다,뛰다","인상,오르다,뛰다,상승,값이 오르다"
"넘어가다,서,저물다,지다","넘어가다,서,저물다,지다,지나가다"
선교사,"선교사,복음전도자,종교 전파자"
"사용,소비,쓰다,이용","사용,소비,쓰다,이용,활용"
"손목시계,시계","손목시계,시계,워치"
"부끄럽다,부끄러움,수줍다,수치,창피","부끄럽다,부끄러움,수줍다,수치,창피,창피하다"
"왕비,황후,군부","왕비,황후,군부,여왕,황비"
계,"계,계통,계열,혈통"
전도사,"전도사,복음전도사"
"사탕,알사탕,캔디","사탕,알사탕,캔디,단것"
인정,"인정,허락,수긍,시인"
"외할아버지,외조부","외할아버지,외조부,외가쪽 할아버지"
없어지다,"없어지다,사라지다,소멸되다"
"장사,가게,상점,시장","장사,가게,상점,시장,판매"
"잔소리,지껄이다","잔소리,지껄이다,훈계,구박"
"목소리,음성,발음,목청,언성,부르다","목소리,음성,발음,목청,언성,부르다,소리"
"기침,감기,해수","기침,감기,해수,기침소리"
"구매,구입,쇼핑,매수,매입,사다","구매,구입,쇼핑,매수,매입,사다,구매행위"
어머,"어머,어머나,맙소사"
떠들다,"떠들다,시끄럽게 하다,수다떨다"
미안,"미안,죄송,사과,미안하다"
의,"의,소유격 조사"
"유익,이익,이득,이롭다","유익,이익,이득,이롭다,유리하다"
"외할머니,외조모","외할머니,외조모,외가쪽 할머니"
(값이)오르다,"(값이)오르다,상승하다,인상되다"
"영업,상업","영업,상업,비즈니스,영리활동"
시월,"시월,10월"
수입,"수입,들여옴,임포트,수입품"
"수,자수","수,자수,숫자,갯수"
"비율,백분율,퍼센트,성향","비율,백분율,퍼센트,성향,비"
튀니지,튀니지
"-면,임시,그러면","-면,임시,그러면,만약"
"뜨다,동,해돋이","뜨다,동,해돋이,일출"
횡재,"횡재,뜻밖의 이득,행운,재수"
"현금,맞돈,현찰,지폐","현금,맞돈,현찰,지폐,캐시"
"비지땀,땀,땀방울","비지땀,땀,땀방울,식은땀"
투자,"투자,출자,자본투입"
"죄송하다,사과,미안하다","죄송하다,사과,미안하다,송구스럽다"
지출,"지출,소비,출금,지불"
잡채,잡채
재산,"재산,자산,소유물,재물"
제거,"제거,삭제,없애다,제거하다"
"가루,분말,분","가루,분말,분,파우더"
성금,"성금,기부금,기탁금,모금액"
싸다,"싸다,값이 싸다,저렴하다,가격이 낮다"
보았다,"보았다,보다,봤다,관찰하다"
잇다,"잇다,연결하다,잇고 있다,계승하다"
감기,"감기,감염,기침,독감"
비다,"비다,텅 비다,비어 있다"
모금,"모금,기부,성금,모금행위"
여왕,"여왕,여성 군주,왕비,여제"
"연락,연결,관계,관련,상관,연관","연락,연결,관계,관련,상관,연관,소통"
실업,"실업,무직,일 없음,실직"
실수,"실수,오류,잘못,과오,실책"
"부자,자산가,재산가","부자,자산가,재산가,갑부"
부유,"부유,부자,유복,풍요로운"
올림픽,"올림픽,국제경기대회,스포츠대회,올림픽경기"
찾다,"찾다,검색하다,발견하다,찾아내다"
인라인스케이트,"인라인스케이트,롤러블레이드"
"(불가능)없다,불가능","(불가능)없다,불가능,실현 불가,안 된다"
외손자,"외손자,딸의 아들,외가 손자"
외손녀,"외손녀,딸의 딸,외가 손녀"
본 적 없다,"본 적 없다,보지 못했다,본 일이 없다"
경제,"경제,경기,금융활동"
"간단하다,간략하다,간편하다,단순,편리,편의","간단하다,간략하다,간편하다,단순,편리,편의,쉽다"
"대비,상왕비","대비,상왕비,왕의 어머니,황태후"
"왕,제왕,황제","왕,제왕,황제,군주"
"욕심,탐","욕심,탐,욕망,탐욕"
"계속,연속,이어,내내,-면서,지속,끊임없이","계속,연속,이어,내내,-면서,지속,끊임없이,계속해서"
단추,"단추,버튼,단춧구멍"
돼지,"돼지,멧돼지,돈"
"가치,재산","가치,재산,값어치,유용성"
김씨,"김씨,김가,김성"
가늘다,"가늘다,가는,얇다"
"납부,납입,지급,지불,내다,결제","납부,납입,지급,지불,내다,결제,송금"
"뇌물,뇌물을 주다","뇌물,뇌물을 주다,부정금품,금품제공"
"보다,시각","보다,시각,보이다,관찰하다,주시하다"
대나무,"대나무,죽,죽순"
"기술,재능,재주","기술,재능,재주,솜씨"
"모금,수금,헌금","모금,수금,헌금,기부금"
"뱉다,침,타액","뱉다,침,타액,토하다"
"수납,보수","수납,보수,보관,저장"
신나다,"신나다,흥겹다,들뜨다"
이자,"이자,금리,이율"
"고기,가죽,살","고기,가죽,살,육류"
용도,"용도,사용 목적,활용도"
서해,"서해,황해,서쪽 바다"
"서쪽,서,서녘,서방","서쪽,서,서녘,서방,웨스트"
"요금,값,사용료","요금,값,사용료,비용,요금제"
"시각장애인,맹인","시각장애인,맹인,앞 못 보는 사람"
"노력,안간힘,공들이다,애쓰다,힘쓰다","노력,안간힘,공들이다,애쓰다,힘쓰다,수고"
내기,"내기,도박,내기하다,걸기"
대장,"대장,지도자,우두머리,장"
비싸다,"비싸다,고가,값이 나가다"
"프랑스어,불어","프랑스어,불어,프렌치"
소멸시효,"소멸시효,만료기한,효력 종료"
"하찮다,보잘 것 없다","하찮다,보잘 것 없다,별것 아니다,시시하다"
금고,"금고,금품보관소,금전고"
유대,"유대,결속,연결,관계"
"고함,비명,아우성,부르짖다,외치다,지르다,소리를 지르다,소리치다","고함,비명,아우성,부르짖다,외치다,지르다,소리를 지르다,소리치다,소리 지르다"
"힘들다,벅차다,힘겹다","힘들다,벅차다,힘겹다,어렵다"
먼동,"먼동,여명,새벽,해뜨기 전"
"환전,환금","환전,환금,외화 교환"
"시장,장,매점","시장,장,매점,마켓"
"관계없다,막론하다,무관하다,상관없다,상관하지 않다","관계없다,막론하다,무관하다,상관없다,상관하지 않다,무관계"
근육,"근육,근조직,근육질"
"열흘,열흘날","열흘,열흘날,10일"
"월급쟁이,봉급생활자,샐러리맨","월급쟁이,봉급생활자,샐러리맨,직장인"
"넘어가다,대충,무성의하다","넘어가다,대충,무성의하다,건너뛰다"
보여주다,"보여주다,전시하다,제시하다,보이게 하다"
분수,"분수,분수대,수학적 분수"
출금,"출금,인출,돈 빼기"
"값,대금,가격,금액,돈,금전,화폐","값,대금,가격,금액,돈,금전,화폐,비용"
돼지고기,"돼지고기,돈육,돼지살"
동해,"동해,동쪽 바다,일본해"
"경악,깜짝,놀라다","경악,깜짝,놀라다,충격"
"회계,재정,출납,수지","회계,재정,출납,수지,회계처리"
"일출,동,아침,(해가)돋다","일출,동,아침,(해가)돋다,해돋이"
"금융,은행","금융,은행,재무,자금관리"
"기사,기술사,기술자","기사,기술사,기술자,엔지니어"
무상,"무상,무료,공짜,무지불"
가느다랗다,"가느다랗다,가는,가늘다,얇은"
동아시아,"동아시아,동북아,동양"
달인,"달인,고수,전문가,명인"
피부,"피부,살갗,피부층"
"할인,내려가다,내리다","할인,내려가다,내리다,가격 인하"
"공,영","공,영,제로,0"
"가시다,사라지다,상실","가시다,사라지다,상실,없어지다"
동남아시아,"동남아시아,동남아,동아시아 남부"
ㄹ 리 없다,"ㄹ 리 없다,가능성 없다,말도 안 된다"
포도주,"포도주,와인,적포도주,백포도주"
포도,"포도,포도송이,과일"
금세,"금세,곧,바로,금방"
"장수,상인","장수,상인,판매자,장사꾼"
프랑스,프랑스
"프로페셔널,프로","프로페셔널,프로,전문가"
"폭등,급등","폭등,급등,가격 상승"
궁색,"궁색,빈곤,궁핍,가난"
"시간,한 시간","시간,한 시간,시각,시간 단위"
의리,"의리,우정,충성심,도리"
"천,일천","천,일천,1000"
"맞지 않다,어울리지 않다,적합하지 않다,조화롭지 않다","맞지 않다,어울리지 않다,적합하지 않다,조화롭지 않다,부조화"
"승리,승리하다,이기다","승리,승리하다,이기다,우승"
"무조건,무작정,불사하다","무조건,무작정,불사하다,조건 없이"
러시아,러시아
두통,"두통,머리 아픔,두부 통증"
남대문,"남대문,숭례문"
브라질,브라질
미치다,"미치다,정신 이상,흥분하다,발작"
매일,"매일,날마다,일일이"
매일,"매일,날마다,일일이"
"마찬가지,피장파장,매일반,매한가지","마찬가지,피장파장,매일반,매한가지,같다"
"징그럽다,(좋지 않은 기억이나 생각이) 떠오르다,(마음에) 걸리다","징그럽다,(좋지 않은 기억이나 생각이) 떠오르다,(마음에) 걸리다,소름끼치다"
"들키다,탄로","들키다,탄로,발각되다"
척추장애인,"척추장애인,척수장애인,척추에 장애 있는 사람"
대명사,"대명사,지시대명사,인칭대명사"
구어,"구어,말,회화체"
"자각,독각,연각","자각,독각,연각,스스로 깨달음"
"강요,강구","강요,강구,압박,압력"
창안,"창안,고안,개발,발명"
"내부,안,이내,내용,속","내부,안,이내,내용,속,안쪽"
백점,"백점,만점,100점"
아찔하다,"아찔하다,현기증,어지럽다"
"더하기,플러스,보태기","더하기,플러스,보태기,덧셈"
"대리,대신,대치,대체,전환,바꾸다","대리,대신,대치,대체,전환,바꾸다"
"(온도를)내리다,(온도가)내려가다","(온도를)내리다,(온도가)내려가다,기온 하강"
"위다,(나이)한 살 위","위다,(나이)한 살 위,연상"
알아듣다,"알아듣다,이해하다,들리다"
"재해,피해,해","재해,피해,해,재난"
"시도,해보다,보이다","시도,해보다,보이다,시행"
"하나,일,한번","하나,일,한번,1"
"혹시,혹,혹여","혹시,혹,혹여,어쩌면"
"끊어지다,-다가","끊어지다,-다가,중단되다,단절"
"계절,사계,사계절,사철,철,시절,철기","계절,사계,사계절,사철,철,시절,철기"
겉,"겉,외부,표면,겉면"
핵,"핵,중심,핵심"
체험,"체험,경험,직접 겪다"
징그럽다,"징그럽다,소름끼치다,불쾌하다"
"더러,드물다","더러,드물다,가끔,어쩌다"
"카세트,카세트테이프","카세트,카세트테이프,녹음기"
슬로바키아,슬로바키아
석사,"석사,석사학위,대학원 졸업자"
"보증,보장","보증,보장,담보"
"절반,반,반절","절반,반,반절,50%"
동대문,동대문
만나다,"만나다,대면하다,조우하다"
뇌사,"뇌사,뇌 기능 정지,생명 유지 불가"
의사소통장애,"의사소통장애,소통장애,의사전달 문제"
졸리다,"졸리다,잠오다,졸음"
"제기,제기차기","제기,제기차기,놀이"
소위(계급장),"소위(계급장),소위,장교 계급"
"자신,나,저,내","자신,나,저,내,스스로"
정신이상,"정신이상,정신질환,정신병,정신불안"
"복수,원수,적","복수,원수,적,보복"
"살인,살해","살인,살해,인명 살상"
신용카드,"신용카드,크레딧카드,신카"
유혹,"유혹,꾐,유인,끌어들이다"
외출,"외출,나가기,집밖에 나가다"
"엉덩이,궁둥이,볼기,히프","엉덩이,궁둥이,볼기,히프,둔부"
세종,"세종,세종대왕"
반대,"반대,거절,저항,대립"
"야구,타자","야구,타자,투수,야구경기"
"양초,초","양초,초,촛불"
"교육자,교육인","교육자,교육인,교사,스승"
고민,"고민,걱정,고통,생각"
"가르치다,가르침,교육,교수하다","가르치다,가르침,교육,교수하다,전수하다"
보고서,"보고서,리포트,문서"
"관하다,대하다","관하다,대하다,관련되다"
바깥,"바깥,밖,외부,외부공간"
사과,"사과,미안,죄송,사죄"
"철저하다,철두철미","철저하다,철두철미,완전하다"
"지옥,나락","지옥,나락,고통스러운 곳"
깊숙이,"깊숙이,속 깊이,깊게"
"미련,어리석다","미련,어리석다,후회,집착"
"결의,결심","결의,결심,다짐,각오"
땅콩,"땅콩,피넛,호두류"
"자기,스스로,자체,혼자,홀로,자발,자신","자기,스스로,자체,혼자,홀로,자발,자신"
"일월,정월","일월,정월,1월,음력 정월"
ㅝ,ㅝ
ㅜ,ㅜ
"욕,비난,비방,욕설,흉보다","욕,비난,비방,욕설,흉보다"
"시원하다,평화,화평","시원하다,평화,화평,쾌적하다"
케이크,"케이크,조각케이크,생크림케이크"
"광영,영광","광영,영광,명예,빛남"
"문의,물음,질문,묻다,물어보다,여쭈다,여쭙다,-ㅂ니까","문의,물음,질문,묻다,물어보다,여쭈다,여쭙다,-ㅂ니까,질의"
"명확하다,정확,똑똑하다,뚜렷하다,명료하다,명백하다,분명하다,선명하다,확실하다,단연,역력하다,장장하다,틀림없이","명확하다,정확,똑똑하다,뚜렷하다,명료하다,명백하다,분명하다,선명하다,확실하다,단연,역력하다,장장하다,틀림없이"
"명령,분부","명령,분부,지시,지령"
"머리,뇌,두뇌","머리,뇌,두뇌,두상"
"당근,홍당무","당근,홍당무"
"년,해","년,해,연"
"까닭,뜻,명목,의미,이유,이치,뜻하다","까닭,뜻,명목,의미,이유,이치,뜻하다,사유"
운영,"운영,관리,경영,운용"
"아래다,(나이)한 살 아래","아래다,(나이)한 살 아래,연하"
"선,라인","선,라인,줄,경계선"
벌다,"벌다,돈을 벌다,소득을 얻다"
알아서 하다,"알아서 하다,자율적으로 하다,스스로 처리하다"
"소외,이탈","소외,이탈,고립,제외"
"수어,수화,수화 언어","수어,수화,수화 언어,한국수어"
그녀,"그녀,그 여자,여성"
그,"그,그 사람,남성"
"건너다,횡단,건너다,넘다,넘어가다,침범","건너다,횡단,넘다,넘어가다,침범,건넘"
"갈다,바꾸다,교대,교체,변경,변동","갈다,바꾸다,교대,교체,변경,변동,환원"
"놀다,실업","놀다,실업,일하지 않다"
훈화,"훈화,가르침,훈계,설교"
"무능력,무자격","무능력,무자격,능력 없음"
말씀,"말씀,말,이야기,언어"
"들어가다,방문하다,입장","들어가다,방문하다,입장,진입"
미용,"미용,미화,외모관리"
"수다,늘어놓다,수다스럽다","수다,늘어놓다,수다스럽다,말이 많다"
"아름답다,미","아름답다,미,수려하다,수려,아름다움"
ㅏ,ㅏ
"자립,독립,자주독립","자립,독립,자주독립,자율"
잉글랜드,"잉글랜드,영국"
"인형,꼭두각시","인형,꼭두각시,토이"
"이외,기타","이외,기타,그 밖에"
ㅡ,ㅡ
ㅞ,ㅞ
ㅙ,ㅙ
ㅘ,ㅘ
ㅗ,ㅗ
"예쁘다,곱다","예쁘다,곱다"
"승려,스님","승려,스님,중,법사"
스리랑카,스리랑카
"속,내부,안쪽,안","속,내부,안쪽,안,심부"
"선두,앞서다,앞장","선두,앞서다,앞장,선행"
"빚,빚지다,부채","빚,빚지다,부채,채무"
재활,"재활,회복"
자진,"자진,스스로 나섬,자발적"
포스터,"포스터,홍보지,광고지"
밖에,"밖에,외부,이외에"
"뭉치다,단결,단합","뭉치다,단결,단합,결속"
무찌르다,"무찌르다,제압하다,격파하다"
뛰어나다,"뛰어나다,우수하다,탁월하다"
"뒤쪽,뒷머리,후방","뒤쪽,뒷머리,후방,배면"
단언,"단언,확언,확신,장담"
"멍청하다,생각 없다","멍청하다,생각 없다,어리석다,둔하다"
혈압,"혈압,혈압 수치,혈관압력"
혈기,"혈기,기운,혈색,정력"
"사진기,찍다,카메라","사진기,찍다,카메라,촬영기"
"일등,으뜸,제일,최고,가장,맨,수석","일등,으뜸,제일,최고,가장,맨,수석,1등"
우승자,"우승자,챔피언,승리자"
"그다음,다음","그다음,다음,차후,이후"
팥,"팥,붉은콩,팥소"
"관철,관통,꿰뚫다,알아맞히다","관철,관통,꿰뚫다,알아맞히다,이해하다"
"칼,나이프","칼,나이프,검"
"천당,천국","천당,천국,극락"
"짜다,소금,간,깐깐하다,까다롭다","짜다,소금,간,깐깐하다,까다롭다"
어색하다,"어색하다,불편하다,서먹하다"
ㅓ,ㅓ
코앞,"코앞,눈앞,바로 앞"
장난,"장난,장난삼아"
"장교,군교","장교,군교,군 간부"
추진,"추진,진행,밀어붙이기"
"추월,앞지르기","추월,앞지르기,선행"
"추억,상기,추상,회상,회고","추억,상기,추상,회상,회고,기억"
찌르다,"찌르다,꿰뚫다,찌름"
진노,"진노,분노,격분"
조종,"조종,운전,제어,조작"
1층(일층),"1층(일층),1층,한 층,지상 1층"
"재빠르다,기미,눈치","재빠르다,기미,눈치,날쌔다"
잠자코,"잠자코,조용히,묵묵히"
"추리,추론","추리,추론,유추"
착하다,"착하다,선량하다,선하다"
"일치,동감,동의,공감","일치,동감,동의,공감,동의하다,공감하다"
인상(을) 쓰다,"인상(을) 쓰다,찡그리다,표정 찌푸리다"
"가담,들어가다,참가,참석,참여,출석,진출","가담,들어가다,참가,참석,참여,출석,진출"
싱겁다,"싱겁다,맛없다,심심하다"
부럽다,"부럽다,탐나다,시샘하다"
"분석,해석","분석,해석,분해,분류"
백만,"백만,1000000,1,000,000"
배탈,"배탈,복통,소화불량"
"압류,차압","압류,차압,몰수"
발견,"발견,찾다,발굴,탐지"
"엑스레이,엑스선","엑스레이,엑스선,X선,방사선 촬영"
"초등학생,초교생,초등생","초등학생,초교생,초등생,초등학교 학생"
초등학교,"초등학교,초교,초등 교육기관"
(마시는)차,"(마시는)차,녹차,홍차,음료"
초등,"초등,초급,초학"
진흙,"진흙,진창,흙탕물"
입술,"입술,입가,입매,구순"
삼일절,"삼일절,3.1절,삼일 독립운동 기념일"
"자연,천연,저절로","자연,천연,저절로,자연스러움"
자습,"자습,혼자 공부,독학"
회견,"회견,기자회견"
(한)시,"(한)시,1시,한 시간대"
독일,"독일,도이칠란트"
"처분,시키다,부리다","처분,시키다,부리다,처리,명령"
"당사자,본인","당사자,본인,자기,해당자"
"침착,차분하다","침착,차분하다,냉정하다,평정심"
그리스,그리스
"설,설날","설,설날,구정"
"설,설날","설,설날,구정"
(시간)분,"(시간)분,분"
어디,"어디,장소,어느 곳,위치"
보고서,"보고서,리포트,기록문서"
"뜻밖에,의외","뜻밖에,의외,예상 밖,불현듯"
"뒤떨어지다,뒤지다","뒤떨어지다,뒤지다,뒤처지다"
"말실수,실언,실구,실어","말실수,실언,실구,실어,말의 실수"
"말실수,실언,실구,실어","말실수,실언,실구,실어,말의 실수"
"시키다,지시,하여금","시키다,지시,하여금,명령하다"
낚다,"낚다,잡다,유인하다"
굴(구멍),"굴(구멍),구멍,동굴,틈"
"여름,주하","여름,주하,하지절기"
"여기,이곳,이쪽,이거,이것","여기,이곳,이쪽,이거,이것,현재 장소"
송년회,"송년회,연말모임"
총무,"총무,관리자,행정 담당"
총명,"총명,똑똑함,영리함,명석"
"첫째,첫 번째","첫째,첫 번째,처음,1번째"
"얼굴,낯,안면","얼굴,낯,안면,표정,용모"
박사,"박사,박사학위자,전문가,학자"
연구,"연구,조사,학문탐구"
소방서,"소방서,화재 구조 기관,119 센터"
(맛이)쓰다,"(맛이)쓰다,쓴맛,쓴"
일요일,"일요일,주일"
소매,"소매,팔 소매,의류 일부"
부정,"부정,아니다"
"월경,생리,달거리","월경,생리,달거리,그날"
"어제,어저께,작일","어제,어저께,작일,지난날"
"어머니,모친,어미,엄마","어머니,모친,어미,엄마"
커피,커피
양심,"양심,도덕성"
양식,"양식,서양 음식"
온도,"온도,기온,열기"
아시아,"아시아,동양"
"인상,용모,표정","인상,용모,표정,얼굴 생김새"
중국,중국
얌체,"얌체,이기주의자,얄미운 사람"
엉뚱하다,"엉뚱하다,기상천외,의외,이상하다"
"작년,지난해,과년,거년,전년","작년,지난해,과년,거년,전년"
속도계,"속도계,속력계"
세배,"세배,신년 인사,절하기"
"세로,종","세로,종,수직 방향"
세뇌,"세뇌,의식통제,강제주입"
(책)사전,"(책)사전,어휘집,사전책"
자동,"자동,스스로 작동,기계적"
자각,"자각,스스로 인식"
"봄,양중",봄
반성,"반성,되돌아봄,뉘우침"
엄하다,"엄하다,엄격하다,단호하다"
"자장면,짜장면","자장면,짜장면"
의지,"의지,결심,결의,의욕"
절충,"절충,타협,조정"
"코치,지도자","코치,지도자,트레이너"
"코미디,희극","코미디,희극,웃긴 이야기"
그대로,"그대로,원래대로,있는 그대로"
외상,외상
"왜,어째서","왜,어째서,무엇 때문에"
"오다,도래","오다,도래,다가오다,도래하다"
사병,"사병,군대 병사,쫄병"
"위하다,-러","위하다,-러,목적을 두다"
적십자,적십자
저혈압,저혈압
정부,"정부,정부기관"
고추장,고추장
고추,고추
교육청,교육청
메기,메기
"멍하다,멍하니","멍하다,멍하니"
"교육대학교,교육대학","교육대학교,교육대학,사범대"
뜨개질,뜨개질
멋쟁이,"멋쟁이,패셔니스타"
"죽이다,해치다","죽이다,해치다,살해하다,해하다"
둘러대다,"둘러대다,변명하다,핑계대다"
고모,고모
"똑똑하다,영리하다","똑똑하다,영리하다,명석하다"
두통,"두통,머리 아픔,편두통"
"다스리다,통치","다스리다,통치,지배"
간접,"간접,우회적,비직접"
"결핵,폐결핵,폐병","결핵,폐결핵,폐병"
"깊다,깊숙하다","깊다,깊숙하다,심오하다"
기념식,"기념식,기념행사,추모식"
기념,"기념,회상,추모,기억"
칫솔,"칫솔,이 닦는 도구"
"어떻게,어찌","어떻게,어찌,어찌하여"
이씨,"이씨,이 씨"
"어느,무엇,어떤,무슨,뭐,아무,어디","어느,무엇,어떤,무슨,뭐,아무,어디"
"어긋나다,엇갈리다","어긋나다,엇갈리다,맞지 않다"
"신청,주문","신청,주문,요청,접수"
중학교,중학교
이발사,이발사
이발,"이발,머리 깎기,커트"
이모,이모
이마,"이마,앞머리,이마뼈"
스웨터,"스웨터,니트,털옷"
윤씨,"윤씨,윤 씨"
코,"코,비강"
치약,치약
예술,"예술,아트,미술"
"천국,천당","천국,천당,극락"
주일,"주일,일요일"
"주위,주변,둘레","주위,주변,둘레,근처"
"겨레,동포","겨레,동포,한민족"
동메달,"동메달,3위,청동메달"
"가을,금추","가을,금추,추절"
(단위의)등,"(단위의)등,계급,등급"
고구려,고구려
계획,"계획,플랜,구상,방안"
"간,간장","간,간장,간기능"
"각오,결심,작정","각오,결심,작정,준비"
가지,"가지,식물 가지,종류,분파"
"겪다,당하다,-던,-았(-었),적","겪다,당하다,-던,-았(-었),적"
딸기,딸기
"북한,이북","북한,이북,조선민주주의인민공화국"
"느끼다,느낌,뉘앙스,감각","느끼다,느낌,뉘앙스,감각,감정"
뉘우치다,"뉘우치다,후회하다,반성하다"
"믿다,믿음,신뢰,신용","믿다,믿음,신뢰,신용"
교회,"교회,예배당"
긍정,"긍정,찬성,수긍"
괘씸하다,"괘씸하다,얄밉다,화가 나다"
면접,"면접,인터뷰,구술시험"
면세,면세
매니큐어,"매니큐어,손톱 화장,네일"
동양,"동양,아시아,동방"
계율,"계율,규율,법도,규칙"
망신(을 당하다),"망신,망신(을 당하다),수치,창피,망신당하다"
몽골,몽골
"스님,승려","스님,승려,법사"
"쉽다,용이하다,쉽사리,손쉽다","쉽다,용이하다,쉽사리,손쉽다,간단하다"
수술,"수술,외과수술"
"돌다,미치다","돌다,미치다,회전하다"
"마치,척하다,체하다,처럼","마치,척하다,체하다,처럼,인 척"
도깨비,"도깨비,요괴,귀신"
높다,"높다,고도,높음"
무의미,"무의미,의미 없음,쓸모 없음"
무안,"무안,창피,쪽팔림,수치"
무심,"무심,무관심,무표정,무정"
"너,네,자네","너,네,자네,당신"
"내일,명일","내일,명일,다음 날"
보도,"보도,뉴스,기사,알림"
보다,"보다,관찰하다,시청하다"
"보고,아뢰다","보고,아뢰다,알리다,전달"
"든지,든가","든지,든가"
"갈증,목마르다,목이 타다","갈증,목마르다,목이 타다,수분 부족"
닦다,"닦다,청소하다,문지르다"
"미용실,미용원,미장원","미용실,미용원,미장원,헤어숍"
교실,"교실,강의실,수업공간"
교수,교수
미용사,"미용사,헤어디자이너"
마음에 들다,"마음에 들다,좋아하다,선호하다"
"마음,심리,심정","마음,심리,심정,가슴속"
수레,"수레,짐수레,카트,운반차"
독립문,독립문
대회,"대회,경기,콘테스트,시합"
대학생,"대학생,학부생,대학 재학생"
"대학교,대학","대학교,대학"
"빨강,빨갛다,적자,적색","빨강,빨갛다,적자,적색"
"녹음기,녹음,레코드,카세트","녹음기,녹음,레코드,카세트,오디오"
"내외,안팎","내외,안팎,범위,경계"
"내복,내의,속옷","내복,내의,속옷,속내의"
"말,말하다,언어","말,말하다,언어"
목메다,"목메다,울먹이다"
독감,"독감,인플루엔자,심한 감기"
"독,독하다","독,독하다,유독물"
신고,"신고,보고,제출,신청"
"신경질,짜증","신경질,짜증,화를 내다"
지렁이,지렁이
"이해,납득,양해","이해,납득,양해,알아들음"
이의,"이의,이견,반론,다른 의견"
시다,"시다,신맛,신"
공감,"공감,이해,동의,같은 마음"
"생각이 통하다,동감","생각이 통하다,동감,마음이 맞다"
"살인범,살해범","살인범,살해범,범인"
선구자,"선구자,개척자,리더"
왠지,"왠지,어쩐지,이상하게"
왜냐하면,"왜냐하면,그 이유는,때문에"
말썽,"말썽,문제,사고"
"말다툼,언쟁,말싸움,설전,입씨름","말다툼,언쟁,말싸움,설전,입씨름"
목탁,목탁
"보상금,배상금","보상금,배상금,보전금"
"보리쌀,보리","보리쌀,보리,곡식"
한량,"한량,놀고먹는 사람,무직자"
새우,새우
"대학,대학교","대학,대학교"
대추,대추
"내년,명년,이듬해,다음해","내년,명년,이듬해,다음해"
변명,"변명,핑계,해명"
불교,불교
목,"목,목덜미,경부"
모자(관계),"모자(관계),어머니와 아들,부자와 모,아들과 어머니, 엄마와 아들, 아들과 엄마"
순교,"순교,신앙을 위한 죽음"
돌파,"돌파,뚫다,극복"
서양,"서양,서구,유럽"
"서로,상호","서로,상호,맞대다"
(신체의)눈,"(신체의)눈,눈"
러시아,러시아
"복판,가운데,중심,한가운데","복판,가운데,중심,한가운데,중앙"
"친자,친자식","친자,친자식,자기 자식"
친권,"친권,양육권,보호권"
아이스케이크,"아이스케이크,냉동케이크,빙과류"
"실업자,실직자","실업자,실직자,백수"
소대장,"소대장,분대장,군대 리더"
(기온이)오르다,"(기온이)오르다,상승하다,덥다"
기발하다,"기발하다,신선하다,창의적"
기념일,"기념일,추모일,축일"
"참가자,참가인","참가자,참가인,출전자,참여자"
직면,"직면,마주하다,직접 대면"
"증,마크,-증","증,마크,-증,표시"
"임신,회임","임신,회임,아이 가짐"
칼국수,"칼국수,면요리,국수"
낚시터,"낚시터,낚시 장소"
"낚시,낚시질","낚시,낚시질,어획"
"극복,이겨냄","극복,이겨냄,돌파,극한 극복"
굴(조개),굴(조개)
"현혹,사로잡히다","현혹,사로잡히다,홀리다"
"친어머니,생모","친어머니,생모, 친모"
"친아버지,생부","친아버지,생부,친부"
"곱,곱하기,곱하다","곱,곱하기,곱하다,배수"
곰보,"곰보,얽은 얼굴,곰보자국"
"나침반,나침판","나침반,나침판,방향계"
나오다,"나오다,출현하다,출석하다,등장하다"
"나서다,선두,앞서다,앞장,앞장서다","나서다,선두,앞서다,앞장,앞장서다"
"나쁘다,악,못되다,악하다","나쁘다,악,못되다,악하다,불량"
꾀다,"꾀다,유혹하다,속이다"
"꾀,계책","꾀,계책,계략,술수"
탑골공원,탑골공원
고춧가루,고춧가루
"휴대전화,핸드폰,휴대폰,휴대전화기","휴대전화,핸드폰,휴대폰,휴대전화기,스마트폰"
대리인,"대리인,대신,대리자"
증인,"증인,목격자,증거자"
팔꿈치,팔꿈치
"수전노,구두쇠","수전노,구두쇠,짜다,짠돌이"
"부모님,부모,양친,어버이","부모님,부모,양친,어버이,부모 양측"
"멋지다,멋","멋지다,멋,세련되다,화려하다"
푼,"푼,화폐 단위,금액"
"조명,판단","조명,빛,판단,비추다"
"사관,장교","사관,장교,군 장교"
과학자,"과학자,연구자,이학자"
"혼령,심령,영혼,혼","혼령,심령,영혼,혼"
걸리다,"걸리다,붙잡히다"
"갚다,상환,배상","갚다,상환,배상,보상"
과학,"과학,자연과학,이학"
"결손,손해,손실","결손,손해,손실,결여"
일월 일일,"일월 일일,1월 1일,신정"
제일이다,"제일이다,최고다,으뜸이다"
악인,"악인,나쁜 사람,범죄자"
"입증,증명","입증,증명,확인"
"듯하다,듯싶다","듯하다,듯싶다,같다,비슷하다"
내몰다,"내몰다,쫓다,몰아내다"
보증금,"보증금,예치금,담보금"
겉멋,"겉멋,허세,허영"
희생자,"희생자,피해자,사망자"
"일백,백","일백,백,100"
원룸,"원룸,1인실,소형주택"
안과,"안과,눈병원,시력클리닉"
"발군,빼어나다","발군,빼어나다,우수"
내게,"내게,나에게,저에게"
배후,"배후,뒤쪽,뒷배"
예술가,"예술가,아티스트,작가"
연구실,"연구실,랩,연구 공간"
연구소,"연구소,연구기관,랩"
영하,"영하,섭씨 0도 이하,마이너스 온도"
"엑스선,엑스레이","엑스선,엑스레이,X선"
"산화,희생","산화,희생,죽음"
정신,"정신,마음,정신력"
적 없다,"적 없다,기록 없음"
띵하다,"띵하다,멍하다,어지럽다"
자원봉사자,"자원봉사자,봉사자,도우미"
"마이너스,감표,덜기,빼기,빼기표,뺄셈표,뺄셈 부호","마이너스,감표,덜기,빼기,빼기표,뺄셈표,뺄셈 부호"
회개,"회개,참회,뉘우침"
결핵균,"결핵균,결핵 원인균,세균"
"상하다,다치다,부상,상처,손상","상하다,다치다,부상,상처,손상"
"소수점,점","소수점,점"
세뱃돈,"세뱃돈,설날 용돈"
미치광이,"미치광이,광인"
결단,"결단,결심,결의"
"양치질,양치","양치질,양치,이 닦기"
"가리다,고르다,선별","가리다,고르다,선별,구분하다"
건전,"건전,건강,안정,바람직한"
동반자,"동반자,파트너,짝"
밑지다,"밑지다,손해보다,잃다"
-광,"-광,중독자,열성팬,팬"
"함께,같이,동반,랑,아울러,더불다,-끼리","함께,같이,동반,랑,아울러,더불다,-끼리"
한글 지문자,"한글 지문자,지문자"
한글날,한글날
한강,한강
학년,"학년,학급 연도"
해부,"해부,분석,절개"
"발개지다,붉히다","발개지다,붉히다,빨개지다"
천명,"천명,공표,선언"
"중화요리,청요리","중화요리,청요리,중식"
"적색,붉은색,빨간색","적색,붉은색,빨간색"
"현기증,어지럼증","현기증,어지럼증,어지러움"
"혀,혓바닥","혀,혓바닥,구강기관"
"헬리콥터,헬기","헬리콥터,헬기,회전익 항공기"
"허식,헛치레","허식,헛치레,겉치레"
호박,"호박,박과 식물,단호박"
협동,"협동,협력,협조"
혈육,"혈육,가족,핏줄,친족"
"혈액형,혈액군,혈형",혈액형
혈안,"혈안,집중함,혈안이 되다"
"허다하다,많다,매우 많다","허다하다,많다,매우 많다,수두룩하다"
개의,"개의,신경 쓰다, 신경쓰이는,신경"
"개안,깨닫다","개안,깨닫다,눈뜨다"
행정 고시,행정 고시
피해자,피해자
(음식에 간을)맞추다,"(음식에 간을)맞추다,간을 보다,간맞추다"
"겨울옷,동복","겨울옷,동복,두꺼운 옷"
돌출,"돌출,튀어나오다,비정상적 돌출"
독재,"독재,권위주의,강압통치"
"글,글자,자","글,글자,문자"
두드러지다,"두드러지다,눈에 띄다,돋보이다"
"멍청이,멍청하다","멍청이,멍청하다,어리석은 사람"
"띄다,뜨이다","띄다,뜨이다"
투명,"투명,비침,맑다"
퇴장,"퇴장,물러나다,나가다"
통하다,"통하다,이어지다,연결되다"
폐백,"폐백,혼례 예물,결혼 예물"
펜싱,"펜싱,검술 경기"
탑,"탑,탑상,높은 구조물"
끊어지다,"끊어지다,단절되다,중단되다"
"누설,유출","누설,유출,새다,누수"
냉정,"냉정,차가움,감정 없음,무정,냉정"
교차점,"교차점,접점"
"관청,관헌","관청,관헌,정부 기관"
공산당,"공산당,사회주의 정당"
"공박,문초,심문,추궁,캐어묻다","공박,문초,심문,추궁,캐어묻다"
증명서,"증명서,인증문서,인증서"
"중학생,중교생,중등생","중학생,중교생,중등생,중학교 학생"
정책,"정책,방침,전략"
장미꽃,"장미꽃,장미"
통과,"통과,지나가다,통행"
토마토,토마토
턱,"턱,아래턱,하관"
태국,태국
파악,"파악,이해,인지"
"피,출혈,혈,혈액","피,출혈,혈,혈액"
"표창,포상","표창,포상,상장"
"그렇다,그러하다","그렇다,그러하다,맞다"
인도(공화국),"인도(공화국),인도"
"(여자를)유혹, 유혹하다","(여자를)유혹,유혹하다,꼬시다"
"서두르다,긴급,독촉,재촉,응급,급하다,시급하다","서두르다,긴급,독촉,재촉,응급,급하다,시급하다"
고무신,"고무신,검정신"
"호주,오스트레일리아","호주,오스트레일리아"
스위스,스위스
의성어,"의성어,소리를 흉내내는 말,흉내내는 말"
"오디오,듣다,소식,청각","오디오,듣다,소식,청각,음향"
충치,"충치,치아 질환,이 썩음"
백혈병,백혈병
간호사,"간호사,간병인,간호인"
강도,"강도,세기,정도"
밝히다,"밝히다,드러내다,밝다"
"슬기롭다,슬기,지혜,현명","슬기롭다,슬기,지혜,현명,지혜롭다,현명하다"
"가령,만약","가령,만약,예컨대,예를 들어,예를 들면,만약에"
"수갑,체포,쇠고랑","수갑,체포,쇠고랑,구속"
"노랑,노랗다,누렇다","노랑,노랗다,누렇다,황색"
"서대문,돈의문","서대문,돈의문"
"커닝,부정행위","커닝,부정행위,컨닝"
사이다,"사이다,탄산음료, 탄산수"
안개,"안개,뿌연 공기"
떡,"떡,떡류,떡국떡"
뉴스,"뉴스,소식,보도"
"(남자를)유혹, 유혹하다","(남자를)유혹,유혹하다,꾀다, 꼬시다"
"절도,도둑,도적,훔치다,빼돌리다,빼앗다","절도,도둑,도적,훔치다,빼돌리다,빼앗다"
"들키다,발각","들키다,발각,적발"
설렁탕,설렁탕
마스크,"마스크,가림막,얼굴 가리개"
백조,"백조,하얀 새,우아한 새"
"소란,소요,소음,야단,요란,시끄럽다","소란,소요,소음,야단,요란,시끄럽다"
"절약,검약","절약,검약,절제"
민주,"민주,민주주의"
황해,"황해,서해"
백화,"백화,흰 꽃"
조르다,"조르다,재촉하다,강요"
양,"양,숫양,양고기"
치과,치과
핀란드,핀란드
"분필,백묵","분필,백묵"
"백두산,장백산","백두산,장백산"
배우다,"배우다,학습하다,익히다"
청각장애,"청각장애,청력 손실"
"난청인,난청자","난청인,난청자,청력이 약한 사람"
"백색,흰색,하얀색","백색,흰색,하얀색,화이트"
솜,"솜,목화솜,쿠션재"
바나나,바나나
여행,"여행,관광,출장"
"입,이론","입,이론,구강"
사립,"사립,민간학교"
신부,신부
"사정,정액","사정,정액"
"연수,수련","연수,수련,훈련"
"얼음,얼음장","얼음,얼음장,빙"
코뿔소,코뿔소
"정신차리다,가다듬다","정신차리다,가다듬다,정신을 집중하다"
정보,"정보,데이터,자료"
"물음표,미지수,설마","물음표,미지수,설마,의문"
경고,"경고,주의,알림"
두부,두부
구름,구름
은메달,은메달
은,"은,금속 은,은색"
스캐너,"스캐너,스캔기기"
참외,참외
"멧돼지,산돼지",멧돼지
"교과서,교본","교과서,교본,학습서"
견인,견인
멸치,멸치
떡국,떡국
가짜,"가짜,모조품,위조품,가품"
"구급차,응급차,앰뷸런스","구급차,응급차,앰뷸런스"
면도,"면도,털 깎기"
매,"매,맹금류"
돈벌이,"돈벌이,수익활동"
마주치다,"마주치다,맞닥뜨리다,만나다"
수상하다,"수상하다,의심스럽다,이상하다"
"듣다,소리,소식,청각","듣다,소리,소식,청각"
"가발,덧머리","가발,덧머리,인조머리"
"생각,견해,사고,신경,의견,의사,의식,여기다","생각,견해,사고,신경,의견,의사,의식,여기다"
"더럽다,때,불결,지저분하다","더럽다,때,불결,지저분하다"
붕대,"붕대,감는 천,상처 보호대"
목자,"목자,양치는 사람,지도자"
창백하다,"창백하다,얼굴이 희다,창백한 안색"
"협박,-할 뻔하다","협박,-할 뻔하다,위협"
"수리,독수리","수리,독수리"
파리하다,파리하다
목적,목적
무,무
눈(이 내리다),눈(이 내리다)
청각장애인,청각장애인
"백지,용지,종이","백지,용지,종이"
"초문,금시초문","초문,금시초문"
"쇼크,충격","쇼크,충격"
"정신적 장애,정신장애","정신적 장애,정신장애"
"거짓,허위","거짓,허위"
나그네,나그네
"끈기,끈덕지다,끈질기다","끈기,끈덕지다,끈질기다"
"황금,금","황금,금"
절도죄,절도죄
절도범,절도범
치과의사,치과의사
"공책,노트","공책,노트"
"개인,사","개인,사"
금메달,금메달
힌두교,힌두교
"노란색,황색","노란색,황색"
장어,장어
개나리,개나리
여행지,여행지
여행사,여행사
청자,청자
"백,하양,하얗다,허옇다,희다,백색,흰색,치아,이,이빨","백,하양,하얗다,허옇다,희다,백색,흰색,치아,이,이빨"
여행자,여행자
"이론,논하다,설","이론,논하다,설"
목적지,목적지
"학원,배움터","학원,배움터"
강습,강습
"마르다,야위다,여위다,수척하다","마르다,야위다,여위다,수척하다"
"은빛,은색","은빛,은색"
갈다,갈다
황해도,황해도
관광객,관광객
강습소,강습소
표어,표어
허풍,허풍
"현행범,현행 범인","현행범,현행 범인"
"금가락지,금반지","금가락지,금반지"
"금색,황금색,골드색","금색,황금색,골드색"
잠그다,잠그다
웨딩드레스,웨딩드레스
항복,항복
"십육,열여섯","십육,열여섯"
십만,십만
고집,고집
"열하나,십일","열하나,십일"
십일월,십일월
"십,열","십,열"
간음,간음
"집요하다,끈덕지다","집요하다,끈덕지다"
연맹,연맹
엿,엿
서대문,서대문
자르다,자르다
미국,미국
멕시코,멕시코
"둘,이","둘,이"
수면제,수면제
(자동차에)승차,(자동차에)승차
(버스에)승차,(버스에)승차
"(나체의)맨몸,나체,알몸","(나체의)맨몸,나체,알몸"
ㅠ,ㅠ
ㄷ,ㄷ
이단,이단
ㄸ,ㄸ
"드러눕다,누이다,눕다,눕히다","드러눕다,누이다,눕다,눕히다"
"소경,맹인,장님,시각장애인","소경,맹인,장님,시각장애인"
"배회,방황,돌아다니다,헤매다","배회,방황,돌아다니다,헤매다"
입장,입장
다람쥐,다람쥐
이월,이월
"미군,미국군","미군,미국군"
"기상,일어나다,일어서다,서다,독립","기상,일어나다,일어서다,서다,독립"
둘 중 어느 것,둘 중 어느 것
"떨다,떨리다,떨림","떨다,떨리다,떨림"
"둘,이","둘,이"
"되돌아오다,돌아오다,귀환","되돌아오다,돌아오다,귀환"
ㅆ,ㅆ
인도네시아,인도네시아
"이틀,이틀 후","이틀,이틀 후"
"의자,걸상","의자,걸상"
ㅛ,ㅛ
ㅕ,ㅕ
"실명,맹","실명,맹"
"승강기,엘리베이터","승강기,엘리베이터"
슬로베니아,슬로베니아
ㅅ,ㅅ
북아일랜드,북아일랜드
"정류장,승차장,정거장,정류소","정류장,승차장,정거장,정류소"
페루,페루
"피차,둘이","피차,둘이"
리투아니아,리투아니아
"되돌아가다,돌아가다","되돌아가다,돌아가다"
ㅑ,ㅑ
"돌아서다,갈다,교체하다,대체하다","돌아서다,갈다,교체하다,대체하다"
"찌푸리다,근심","찌푸리다,근심"
"재작년,거거년,전전년,전전해,지지난해,재작년도","재작년,거거년,전전년,전전해,지지난해,재작년도"
"좌석,자리","좌석,자리"
출마,출마
세미나,세미나
"쌓다,쌓이다","쌓다,쌓이다"
첩,첩
"착각,착오","착각,착오"
"읽다,읽기","읽다,읽기"
오스트리아,오스트리아
"배,갑절,곱,곱절","배,갑절,곱,곱절"
승천,승천
"외롭다,고독,쓸쓸하다","외롭다,고독,쓸쓸하다"
"모레,내일모레,이틀,이틀후","모레,내일모레,이틀,이틀후"
"맹학교,맹인학교","맹학교,맹인학교"
"둘째,두 번째","둘째,두 번째"
"간첩,스파이,첩자","간첩,스파이,첩자"
겸하다,겸하다
(신체의)다리,(신체의)다리
"절다,절룩거리다,절름거리다","절다,절룩거리다,절름거리다"
"인천,인천시","인천,인천시"
중위,중위
전폐,전폐
스키,스키
"등호,등표","등호,등표"
등산,등산
"가위,가위질","가위,가위질"
"국수,면","국수,면"
달러,달러
"광화문,우물","광화문,우물"
"넘어지다,쓰러지다","넘어지다,쓰러지다"
베트남,베트남
베네수엘라,베네수엘라
마주 보다,마주 보다
뛰다,뛰다
다이빙,다이빙
"내리다,하차","내리다,하차"
"말,승마","말,승마"
수영,수영
침대,침대
젓가락,젓가락
말을 바꾸다,말을 바꾸다
보행자,보행자
도서관,도서관
서자,서자
"무조건,봐주지 않다,넘어가지 않다","무조건,봐주지 않다,넘어가지 않다"
이천,이천
이등,이등
수영장,수영장
대,대
"그저께,그제","그저께,그제"
"탑승,오르다,올라서다,올라타다,타다","탑승,오르다,올라서다,올라타다,타다"
비전,비전
"주무시다,자다,잠들다,잠자다","주무시다,자다,잠들다,잠자다"
"쌍생아,쌍둥이","쌍생아,쌍둥이"
"눈길,시선,바라보다,응시하다,쳐다보다","눈길,시선,바라보다,응시하다,쳐다보다"
눈감아 주다,눈감아 주다
"걷다,걸음,도보,보행","걷다,걸음,도보,보행"
"남대문,교량,육교,다리","남대문,교량,육교,다리"
"입석,서다","입석,서다"
경마장,경마장
두 사람,"두 사람,두 명"
"곤두박질,곤두질,떨어지다","곤두박질,곤두질,떨어지다,추락"
"미움,미워하다,밉다,얄밉다","미움,미워하다,밉다,얄밉다,증오"
절름발이,"절름발이,절뚝거리다,다리를 저는 사람"
"허리띠,벨트","허리띠,벨트,허리끈"
형사,"형사,수사관"
격일,"격일,하루 걸러,격간"
"두절,끊어지다","두절,끊어지다,단절,중단"
"등산가,산악인","등산가,산악인,등반가"
포경 수술,"포경 수술,할례,음경수술"
편집,"편집,편성,편집하다"
지체장애인,"지체장애인,신체장애인,지체불편자"
토끼,토끼
"익숙하다,능숙하다,숙달","익숙하다,능숙하다,숙달,익히다"
"보험료,보험금","보험료,보험금,보험 비용"
호흡,"호흡,숨쉬다,숨,공기"
사우디아라비아,사우디아라비아
뉴질랜드,뉴질랜드
"교사,교원,사범,선생,스승,교직자","교사,교원,사범,선생,스승,교직자,교육자"
"와,과,하고","와,과,하고,및"
냄새,"냄새,취기,향취"
분하다,"분하다,억울하다,원통하다"
노르웨이,노르웨이
시시하다,"시시하다,재미없다,하찮다"
어리다,"어리다,나이 적다,어린이"
콧물,"콧물,비강 분비물"
유치하다,"유치하다,어리석다"
"저축,예금,적금","저축,예금,적금,저금"
"굉장하다,심하다,심각하다","굉장하다,심하다,심각하다,대단하다"
"어처구니없다,기막히다,어이없다,억울하다","어처구니없다,기막히다,어이없다,억울하다"
"의심,의회","의심,의회,불신,의구심"
"비교,비례,견주다,대다","비교,비례,견주다,대다,상대적"
모욕,"모욕,욕설,비하"
"대피,도망,도주,도피,줄행랑,탈출,내빼다,달아나다,도망가다,도망치다,빠져나가다","대피,도망,도주,도피,줄행랑,탈출,내빼다,달아나다,도망가다,도망치다,빠져나가다"
"판매,매각,매출,팔다","판매,매각,매출,팔다"
"마침,딱 맞다,알맞다","마침,딱 맞다,알맞다,정확히"
만화가,"만화가,웹툰 작가,그림 작가"
"하야,사임","하야,사임,물러나다"
매출액,"매출액,판매액,총수입"
쿠웨이트,쿠웨이트
장기,"장기,내장,신체기관,내장기관"
잠수함,잠수함
원숭이,"원숭이,몽키"
차려,"차려,경례 자세,정자세"
우체국,"우체국,우편국"
"향기롭다,향,향기,향내,향취","향기롭다,향,향기,향내,향취,좋은 냄새"
때리다,"때리다,구타하다,치다"
"피의자,용의자","피의자,용의자,혐의자"
초밥,"초밥,스시"
알아차리다,"알아차리다,깨닫다,인식하다"
바티칸시,바티칸시
우루과이,우루과이
부엌,"부엌,주방,조리실"
신사,"신사,젠틀맨,남자"
열중쉬어,"열중쉬어,쉬는 자세"
요리사,"요리사,셰프,주방장"
요리,"요리,음식 만들기,조리,요리하기,요리하다"
시리아,시리아
반창고,"반창고,상처 보호 테이프"
"심호흡,호흡,공기,냄새,대기,목숨,생명,수,수명,숨,숨결,숨쉬다","심호흡,호흡,공기,냄새,대기,목숨,생명,수,수명,숨,숨결,숨쉬다"
절친하다,"절친하다,친하다,각별하다"
"금주,술을 끊다","금주,술을 끊다"
금연,"금연,담배 안 피움"
모독,"모독,모욕,비하"
명함,명함
가마,가마
스케이트,"스케이트,인라인스케이트,롤러스케이트"
친밀하다,"친밀하다,가깝다,사이가 좋다"
들이쉬다,"들이쉬다,흡입하다"
단짝,"단짝,절친,절친한 친구"
기적,"기적,불가사의,놀라운 일"
딱 맞다,"딱 맞다,정확하다,맞춤"
"담배,흡연","담배,흡연"
"술집,주점","술집,주점,바"
"술,알코올","술,알코올,주류"
마중,"마중,맞이하러 감,환영"
설계,"설계,계획,디자인"
"비닐,플라스틱","비닐,플라스틱,합성수지"
몸살,"몸살,감기 몸살,피로 누적"
"마술,요술","마술,요술,마법"
선물,"선물,기프트,증정품"
만화,"만화,웹툰,카툰"
"석유,기름","석유,기름,원유"
찹쌀,"찹쌀,찰진 쌀"
안주,"안주,술안주"
설계사,"설계사,디자이너,건축가"
벽돌,"벽돌,건축재료,벽재"
"피난처,피난소","피난처,피난소,대피소,안전지대"
소매치기,"소매치기,절도,훔치기"
(시설물)다리,"(시설물)다리,교량"
"감추다,숨다,은닉","감추다,숨다,은닉,감춰지다"
나이지리아,나이지리아
"국제연합,유엔","국제연합,유엔"
"살리다,소생,회생","살리다,소생,회생,구하다"
호흡 곤란,"호흡 곤란,숨 막힘,호흡 장애"
"비닐하우스,비닐온실","비닐하우스,비닐온실,온실"
"샘,샘내다,시기,질투","샘,샘내다,시기,질투"
꼬다,"꼬다,비틀다,틀다"
"기차역,역","기차역,역,정거장,철도역"
(존재가)없다,"(존재가)없다,부재,부재하다"
"반려,짝,함께,과,쌍","반려,짝,함께,과,쌍,동반자"
삐다,"삐다,접질리다,염좌"
"기차표,열차표","기차표,열차표,승차권"
은신처,"은신처,숨는 곳,피신처"
만화책,"만화책,코믹북,만화"
환기,"환기,공기 순환"
"교무실,교원실,서무실","교무실,교원실,서무실"
"지위,앉다","지위,앉다,직위"
"점원,판매자,판매원,판매인,세일즈맨","점원,판매자,판매원,판매인,세일즈맨"
헌병,"헌병,군경,군대 경찰"
폐지,"폐지,없앰,중단,삭제"
"편지,서신,우편","편지,서신,우편,글"
"끈,줄,테이프,로프,케이블","끈,줄,테이프,로프,케이블"
"이발소,이발관","이발소,이발관,머리 자르는 곳"
(벽에 생기는)균열,"(벽에 생기는)균열,금,틈,크랙"
"바닥나다,비다,비우다","바닥나다,비다,비우다,고갈되다"
"유리,거울","유리,거울"
"그릇되다,틀리다","그릇되다,틀리다,잘못되다"
"삼,인삼","삼,인삼,한약재"
도미니카,도미니카
박씨,"박씨,박 씨"
접시,"접시,그릇,받침"
고려,"고려,고려시대,옛나라"
강화도,강화도
밀접하다,"밀접하다,가깝다,긴밀하다"
"쏘다,대포,발사,포","쏘다,대포,발사,포격"
소금,"소금,염분"
십이월,"십이월,12월"
형제,"형제,남자 형제"
"십이,열둘","십이,열둘,12"
"오누이,남매","오누이,남매"
산악,"산악,산지,산"
포격,"포격,대포 발사,폭격"
포병,"포병,포병부대,대포 부대"
추기경,추기경
지체장애,"지체장애,지체 불편,신체 장애"
"장갑차,장갑차량","장갑차,장갑차량,무장차"
"산,메,뫼","산,메,뫼"
차남,"차남,둘째 아들"
"성탄,성탄절,크리스마스","성탄,성탄절,크리스마스"
올케,"올케,형수,형의 아내"
"오후,점심 후","오후,점심 후,하오"
"오전,상오","오전,상오,아침"
"오빠,오라버니","오빠,오라버니,형"
"열두시,정오","열두시,정오,오후 12시"
동생,"동생,아우"
"맏아들,장남","맏아들,장남,첫째 아들"
"오후,하오","오후,점심 후,하오"
오전,"오전,상오,아침"
"골짜기,산골,산골짜기","골짜기,산골,산골짜기,계곡"
남동생,"남동생,남자 동생"
"연말,세밑","연말,세밑,한 해의 끝"
짬뽕,"짬뽕,혼합 국수,중식 국물면"
형수,"형수,형의 아내"
"형,형님","형,형님"
병원,"병원,의료기관,진료소"
ㅁ,ㅁ
"점검,감사,감시,감찰,검토,검사,수사,사찰,조사,살펴보다,살피다","점검,감사,감시,감찰,검토,검사,수사,사찰,조사,살펴보다,살피다"
"찬송가,찬송","찬송가,찬송,예배노래"
교통,"교통,이동,도로망"
버스,"버스,승합차,대중교통"
단속,"단속,통제,관리"
"악취,나쁜 냄새","악취,나쁜 냄새,불쾌한 냄새"
"기업,회사,사","기업,회사,사,법인"
"병원,의원","병원,의원,의료기관"
경비실,"경비실,경비처,관리사무소"
한의사,"한의사,한방의사,한약사"
"발신,송신,전보,전신","발신,송신,전보,전신"
"관리인,관리자","관리인,관리자,책임자"
정찰병,"정찰병,정찰자,탐색병"
"경비,보초,수위,파수,지키다","경비,보초,수위,파수,지키다"
"감독관,감독자","감독관,감독자,관리자"
"소나무,솔","소나무,솔"
센터,"센터,중심,기관"
배신(하다),"배신,배신(하다),배신하다"
제정,"제정,설정,법 제정"
입원,"입원,병원 들어감,병원생활"
입사,"입사,회사 들어감,취직"
"방법,요령,방식","방법,요령,방식,수단"
성악가,"성악가,오페라가수,음악가"
유도,"유도,끌기,무도"
의사,"의사,닥터,의료인"
교통비,"교통비,차비,이동비"
"이십,스물","이십,스물,20"
"케이블카,케이블","케이블카,케이블,공중차"
검사,"검사,점검,의사"
교통사고,"교통사고,차 사고"
"돌보다,보살피다,보살핌","돌보다,보살피다,보살핌,챙기다"
"법,법규,법률,법칙","법,법규,법률,법칙"
"몸부림,발버둥질","몸부림,발버둥질,고통"
보관,"보관,저장,보존"
가수,"가수,노래 부르는 사람,뮤지션"
농담,"농담,유머,웃긴 말,개그"
송편,송편
"맥박,맥","맥박,맥,심장박동"
건빵,건빵
불법,"불법,위법"
"노래,음악,가요","노래,음악,가요,창"
"탄핵,뽑다","탄핵,뽑다,해임"
보호 수당,"보호 수당,보조금,지원금"
관리비,"관리비,유지비,운영비"
한의원,"한의원,한방병원"
감리교,"감리교,기독교 교파"
"감독,감수","감독,감수,지휘"
"꿇다,무릎(을) 꿇다","꿇다,무릎(을) 꿇다"
"홀쭉하다,홀쭉이","홀쭉하다,홀쭉이,말랐다"
"하릴없다,어쩔 수 없다","하릴없다,어쩔 수 없다,무력"
"진단,진료,진찰,검진","진단,진료,진찰,검진"
"관리,관리하다","관리,관리하다,운영"
"회장,사장","회장,사장,대표"
"성교,성행위","성교,성행위,섹스"
회사원,"회사원,직장인"
법무,"법무,법 관련 업무"
"아마도,아마,ㄹ 것이다","아마도,아마,ㄹ 것이다,예상"
작곡가,"작곡가,음악작곡자"
"경비원,파수꾼","경비원,파수꾼,수위"
"경비병,병위","경비병,병위,보초"
"일석이조,일거양득,이중,중복","일석이조,일거양득,이중,중복"
"규약,규율,규칙,조항","규약,규율,규칙,조항"
보관소,"보관소,저장소,창고"
한약,"한약,한방약,약재"
"찻삯,차비","찻삯,차비,버스비,교통비"
검문소,"검문소,검사소,통제소"
퇴원,"퇴원,병원 퇴소,병원 나옴"
"기생,더부살이","기생,더부살이,얹혀살기"
"이론,쓰다","이론,쓰다,논리"
"삼,셋","삼,셋,3"
삼촌,"삼촌,작은아버지,큰아버지"
"삼,셋","삼,셋,3"
사흘,"사흘,3일,삼일"
온천,"온천,뜨거운 물,욕탕"
삼월,"삼월,3월"
ㄹ,ㄹ
서울역,"서울역,서울 기차역"
인디언,"인디언,아메리카 원주민"
밭,"밭,논,경작지"
경기도,경기도
농장,"농장,목장,재배지"
"농사,농사일,농업","농사,농사일,농업,재배"
"농부,농군,농민","농부,농군,농민,농사꾼"
"서울,서울시","서울,서울시,수도"
대위,"대위,군계급"
윈도즈,"윈도즈,Windows,마이크로소프트 운영체제"
그끄저께,"그끄저께,사흘 전"
"셋째,세 번째","셋째,세 번째,3번째"
스파게티,"스파게티,파스타"
글피,"글피,3일 후"
삼겹살,삼겹살
"생도,사관생도,사관,사관생","생도,사관생도,사관,훈련생"
와인,"와인,포도주"
ㅌ,ㅌ
멕시코,멕시코
스카우트,스카우트
"십삼,열셋","십삼,열셋,13"
"삼십,서른","삼십,서른,30"
"광주,광주시","광주,광주시"
"밀리미터,밀리","밀리미터,밀리"
모르몬교,모르몬교
미터,미터
"넷,사","넷,사,4"
사월,"사월,4월"
"넷,사","넷,사,4"
"타결,합의","타결,합의,협상 성립"
"갈비,늑골,갈비뼈","갈비,늑골,갈비뼈"
나흘,"나흘,4일"
"석방,방면","석방,방면,풀려남"
사촌,"사촌,친척,이종형제"
소령,소령
"영수증,수표","영수증,수표,지불 확인서"
조립,"조립,맞추기,결합"
병장,병장
"교도소,감옥,형무소","교도소,감옥,형무소"
죄수,"죄수,재소자,범죄자"
"갈비찜,갈비탕","갈비찜,갈비탕,갈비 요리"
상사,"(군대)상사,상사"
하사,하사
중사,중사
"감옥,옥","감옥,옥,감방"
병동,"병동,병실,입원실"
면역,"면역,면역력"
반신반의,반신반의
"개성,개경","개성,개경"
"당사자,본인","당사자,본인"
완쾌,"완쾌,회복,건강회복"
"난청인,난청자","난청인,난청자,청각장애인"
난청,"난청,청각 손실"
"사실,정말,진짜,참,맞다,정말로","사실,정말,진짜,참,맞다,정말로"
이라크,이라크
ㅃ,ㅃ
ㅂ,ㅂ
정장,"정장,양복,정식 복장"
쿠바,쿠바
"질병,병,병환,질환,앓다","질병,병,병환,질환,앓다"
치료,"치료,치유,의료"
"곧다,단정하다,똑바르다,바르다,반듯하다,올바르다,점잖다,똑바르다,올곧다,정하다","곧다,단정하다,똑바르다,바르다,반듯하다,올바르다,점잖다,올곧다,정하다"
"상자,박스","상자,박스,케이스"
상어,상어
"보라,보라색","보라,보라색,퍼플"
"진실,참","진실,참,진짜"
실험(해보다),"실험(해보다),테스트,실험하다"
포장,"포장,싸다,랩핑"
"당연하다,마땅하다,응당하다","당연하다,마땅하다,응당하다"
바로,"바로,즉시,정확히"
정답,"정답,맞는 답,해답"
"열다,개방","열다,개방,개장"
방학,방학
참기름,참기름
결석,"결석,결근"
브라질,브라질
"병자,환자","병자,환자"
"병석,병상","병석,병상,입원상태"
병가,"병가,병휴,휴가"
"낫다,치유","낫다,치유,회복되다"
벨기에,벨기에
"폐쇄,닫다","폐쇄,닫다,차단"
"실제,실정,실태,현실","실제,실정,실태,현실"
"보라,보라색","보라,보라색,퍼플"
"간호,문병,병간호,병문안","간호,문병,병간호,병문안,간병"
"형편없다,보잘 것 없다","형편없다,보잘 것 없다,엉망"
"개막식,개식","개막식,개식,시작 행사"
"정돈,정리","정돈,정리,정비"
"십사,열넷","십사,열넷,14"
격주,"격주,2주 간격"
에콰도르,에콰도르
엘살바도르,엘살바도르
ㅍ,ㅍ
"사십,마흔","사십,마흔,40"
"유럽 연합,이유(EU)","유럽 연합,EU"
로또 복권,"로또 복권,복권"
"구주,유럽","구주,유럽"
장관,"장관,고위 공직자,정부 장관"
극복,"극복,이겨내다,극복하다"
"낙오,뒤지다","낙오,뒤지다,도태"
"희망,소망","희망,소망,바람"
남색,"남색,짙은 파랑"
불상,"불상,부처 상"
"경전,경장","경전,경장,종교서"
여드름,"여드름,피부 트러블"
대항하다,"대항하다,맞서다,반격"
희롱,"희롱,조롱,놀림"
씨름,"씨름,격투,전통 스포츠"
"남성,남","남성,남"
"시합,경기","시합,경기,대결"
수단,"수단,방법,방식"
부회장,"부회장,차석 대표"
"범죄,죄","범죄,죄,위법 행위"
레슬링,"레슬링,격투 스포츠"
"조롱,우롱","조롱,우롱,비웃음"
중령,중령
예식장,"예식장,결혼식장"
인도(공화국),"인도,인도(공화국)"
"심판,재판,사법","심판,재판,사법,심의"
"겨루다,겨루기,경쟁,고사,고시,수험,승부,시합,시험","겨루다,겨루기,경쟁,고사,고시,수험,승부,시합,시험"
"논의,상담,상의,의논","논의,상담,상의,의논"
"정진,꾸준하다,부지런하다","정진,꾸준하다,부지런하다"
"근면,열성,열심,꾸준하다,부지런하다","근면,열성,열심,꾸준하다,부지런하다"
"임자,주인,주체","임자,주인,주체"
부딪히다,"부딪히다,충돌,맞닥뜨리다"
"막내아들,막내","막내아들,막내,막둥이"
리모컨,"리모컨,원격조정기"
"다섯,오","다섯,오,5"
"남자,남,남성,사나이","남자,남,남성,사나이,사내"
아이슬란드,아이슬란드
오월,"오월,5월"
"실격,떨어지다,지다,패배하다,패하다","실격,떨어지다,지다,패배하다,패하다"
"섬기다,존경,-님","섬기다,존경,-님"
"삭제,고무,고무지우개,지우다","삭제,고무,고무지우개,지우다"
"범인,죄인","범인,죄인,범죄자"
"통역,매개,변호,소개","통역,매개,변호,소개"
"프라이드,자존심,긍지","프라이드,자존심,긍지,자부심"
"참다,견디다,인내,자제,억제","참다,견디다,인내,자제,억제"
"밤색,칡","밤색,칡,갈색"
"무쇠,쇠,철","무쇠,쇠,철"
"뒤따르다,수행,따라가다,따르다,좇다,쫓다,쫓아가다","뒤따르다,수행,따라가다,따르다,좇다,쫓다,쫓아가다"
캐나다,캐나다
출장,"출장,외근,근무 외 활동"
"초대,객,고객,내빈,손님,초빙","초대,객,고객,내빈,손님,초빙"
"체념,기권,포기,그만둠","체념,기권,포기,그만둠"
"담그다,잠기다","담그다,잠기다"
"해내다,이기다,승,승리,낫다,좋다","해내다,이기다,승,승리,낫다,좋다"
(조직의)장,"장,(조직의)장,책임자"
찍다,"찍다,카메라로 찍다,도장 찍다"
조카,조카
취임,"취임,임명,취직"
"가난,곤궁,궁핍,빈곤,궁색하다","가난,곤궁,궁핍,빈곤,궁색하다"
콩나물,콩나물
"경멸,깔보다,멸시,업신여기다","경멸,깔보다,멸시,업신여기다"
"결과,결말,마지막,최종,최후,결국,드디어,마침내","결과,결말,마지막,최종,최후,결국,드디어,마침내"
ㅎ,ㅎ
성공,"성공,성과,달성"
불경,"불경,경전,경서"
"사춘기,청춘기","사춘기,청춘기,성장기"
"부부,내외,부처","부부,내외,부처,결혼한 사이"
"부러지다,고장나다","부러지다,고장나다,파손"
장로교,장로교
장로,"장로,교회 장로"
"졸업,수료","졸업,수료,학위 취득"
"자손,후손","자손,후손,자녀"
"수저,숟가락","수저,숟가락,젓가락"
"절대,절대로,한사코","절대,절대로,한사코,무조건"
"남녀,암수,자웅","남녀,암수,자웅"
시가,"시가,시장 가격"
버튼,"버튼,단추,누름장치"
바늘,"바늘,침,재봉 도구"
차장,"차장,부장보,부책임자"
부처님,"부처님,불,석가모니"
방문,"방문,찾아감,내방"
소송,"소송,재판,법정 분쟁"
소문,"소문,풍문,루머"
우상,"우상,아이돌"
부여,부여
이란,이란
아들,아들
"인사,경례","인사,경례,안부"
정력,"정력,활력,기력"
"외투,겉옷","외투,겉옷,코트"
시동생,시동생
"유명,지명","유명,지명,인지도"
"볼펜,펜","볼펜,펜,필기구"
연애,"연애,사랑,교제"
실패,"실패,좌절,패배"
오뚝이,오뚝이
모순,"모순,말이 안되는,비논리적"
메달,"메달,상장,훈장"
"죽다,돌아가다,사거,사망,서거,숨지다,죽음,임종","죽다,돌아가다,사거,사망,서거,숨지다,죽음,임종"
고무,"고무,탄성재"
"결혼식,혼례,혼례식","결혼식,혼례,혼례식"
"결혼,혼인,화혼","결혼,혼인,화혼"
"간부,위원","간부,위원,임원"
"충고,조언","충고,조언,지적"
"미남,미남자","미남,미남자,잘생긴 남자"
미사,"미사,천주교 예배"
콩,"콩,두류"
콜라,콜라
"절교,단교","절교,단교,연 끊음"
"시아버지,시부","시아버지,시부,남편의 아버지"
"이기다,승리,승리하다,(경쟁 상대를) 제치다","이기다,승리,승리하다,(경쟁 상대를) 제치다,제치다"
주어,주어
"며느리,아가,자부","며느리,아가,자부"
"동행,동반","동행,동반,같이 감"
"동전,주화","동전,주화,코인"
"남편,배우자,서방","남편,배우자,서방"
"법원,재판소","법원,재판소,사법부"
"선조,조상","선조,조상,조부모"
냄비,냄비
"깨다,깨뜨리다,파괴,파손","깨다,깨뜨리다,파괴,파손"
"기말시험,기말고사","기말시험,기말고사,학기말 평가"
"대결,대립","대결,대립,격돌"
천하다,"천하다,낮다,비천하다"
이혼,이혼
시누이,"시누이,남편의 누이"
명소,"명소,관광지,유명한 장소,랜드마크"
시아주버니,"시아주버니,남편의 형"
시부모,"시부모,남편의 부모"
선수촌,선수촌
집행관,"집행관,법 집행자"
집행,"집행,수행,실행"
"시모,시어머니","시모,시어머니,남편의 어머니"
"시댁,시집","시댁,시집,남편 집안"
"새치기,옆치기","새치기,옆치기,순서 무시"
"도장,스탬프,인,인장","도장,스탬프,인,인장"
대표,"대표,대변인,대표자"
빈민,"빈민,가난한 사람,극빈층"
변호사,"변호사,법률가"
비서,"비서,보조직원"
맞벌이,"맞벌이,부부 직장"
"수행원,수행인","수행원,수행인,동행자"
명인,"명인,명장,장인"
콩가루,"콩가루,두류가루"
콧방귀,"콧방귀,비웃음"
헛소문,"헛소문,거짓말,풍문"
"갓난아기,갓난아이,아기,영아,젖먹이","갓난아기,갓난아이,아기,영아,젖먹이"
"과부,홀어머니,홀어미","과부,홀어머니,홀어미"
꽹과리,꽹과리
개회,"개회,시작"
이송,"이송,이동,전달"
"판정,판결","판정,판결,결정"
부활절,"부활절,이스터"
통역사,"통역사,번역인"
"패자,패배자","패자,패배자,진 사람"
"법정,재판정","법정,재판정,법원 안"
"남녀평등,양성평등","남녀평등,양성평등"
"성폭행,강간","성폭행,강간,성추행"
갈색,"갈색,밤색,브라운"
"후계자,후계인","후계자,후계인,계승자"
가난뱅이,"가난뱅이,빈자,극빈자"
자음,"자음,소리 자모"
"넘어가다,빠지다","넘어가다,빠지다,지나치다"
"세대,후대,대","세대,후대,대"
"승자,승리자","승자,승리자,이긴 사람"
"돌아서다,등을 돌리다,(관계에) 금이 가다","돌아서다,등을 돌리다,관계 악화;(관계에) 금이 가다"
"고인,사망자,(죽은자)사자","고인,사망자,(죽은자)사자"
고무줄,"고무줄,탄력줄"
경기장,"경기장,운동장,스타디움"
방문자,"방문자,내방자,손님"
환경부,"환경부,환경 정부 부서"
"-ㅂ시다,-자","-ㅂ시다,-자"
"독자,외동아들,외아들","독자,외동아들,외아들"
닷새,"닷새,5일"
회의,"회의,토론,미팅"
"종신,생애,일생,평생,필생,한평생","종신,생애,일생,평생,필생,한평생"
철부지,"철부지,어린 사람,철없는 사람"
환경,"환경,주변,자연"
"화나다,노여움,노엽다,노하다,성나다,성내다,화내다","화나다,노여움,노엽다,노하다,성나다,성내다,화내다"
판결의 공시,"판결의 공시,판결 공표"
판결의 경정,"판결의 경정,판결 정정"
"라이벌,맞수","라이벌,맞수,경쟁자"
"거지,걸인","거지,걸인,노숙자"
통조림,"통조림,캔음식"
폐회,"폐회,종료,끝"
"자식,자녀","자식,자녀"
졸업장,"졸업장,수료증,학위증"
졸업식,"졸업식,졸업 행사"
"잘하다,좋다","잘하다,좋다,능숙하다"
무당,"무당,무속인"
"문자,글자","문자,글자"
싱가포르,싱가포르
(타악기)북,"북,(타악기)북"
고양이,"고양이,반려묘"
"주식,증권","주식,증권,지분"
뱀,"뱀,파충류"
"면목(이) 없다,비겁하다","면목(이) 없다,비겁하다,창피하다,면목없다"
"오십,쉰","오십,쉰,50"
로마,로마
"들,여러,여러가지","들,여러,여러가지"
"경상남도,경남","경상남도,경남"
프랑스,프랑스
사격,"사격,총쏘기"
스페인,스페인
동해,동해
형용사,"형용사,성질 나타내는 말"
의태어,"의태어,모양 흉내 말"
유월,"유월,6월"
"육,여섯","육,여섯,6"
"날마다,나날,매번,매일,수시,일상,늘,매양,번번이,언제나,항상","날마다,나날,매번,매일,수시,일상,늘,매양,번번이,언제나,항상"
ㄴ,ㄴ
"온갖,가지가지,갖가지,여러 가지","온갖,가지가지,갖가지,여러 가지"
지연,"지연,늦어짐,연기"
"소고기,쇠고기,쇠가죽,피혁","소고기,쇠고기,쇠가죽,피혁"
"남,남녘,남쪽,남방","남,남녘,남쪽,남방"
"보지,음부,치부","보지,음부,치부"
"저녁,일석","저녁,일석,석식"
"기회,찬스","기회,찬스,타이밍"
기간,"기간,시간 범위"
ㄲ,ㄲ
"아니다,아니","아니다,아니,부정"
"(시간)시,시간","시,시간,(시간)시"
"확장,넓힘","확장,넓힘,확대"
"형형색색,가지각색,각양각색","형형색색,가지각색,각양각색,다채롭다"
용접,"용접,금속 접합"
"승부차기,페널티킥","승부차기,페널티킥"
"모습,꼴,모양,상태,상황,장면,형상,형용,형태","모습,꼴,모양,상태,상황,장면,형상,형용,형태"
현충일,현충일
해장국,해장국
"판이하다,다르다","판이하다,다르다"
탄자니아,탄자니아
명예 훼손,명예 훼손
치마,치마
"주민,거주민","주민,거주민"
"동쪽,동,동녘,동방","동쪽,동,동녘,동방"
ㄱ,ㄱ
"하루,온종일,종일,하루종일,진종일,진일","하루,온종일,종일,하루종일,진종일,진일"
소,"소,우"
불고기,불고기
"부산,부산시","부산,부산시"
"백모,큰어머니","백모,큰어머니"
"(시간)시,시간","시,시간,(시간)시"
"날짜,언제,날,일자","날짜,언제,날,일자"
"생활비,생계비","생활비,생계비"
(총을 쏘는)사수,"사수,(총을 쏘는)사수"
"살다,삶,생활","살다,삶,생활"
부인,"부인,아내,처"
월요일,월요일
세월,"세월,시간 흐름"
(사방위)북,"북,(사방위)북,방향"
"맵시,태","맵시,태,자세"
"증가,늘어나다","증가,늘어나다,증대"
주인공,"주인공,중심 인물"
주유소,"주유소,가솔린 스탠드"
구두,"구두,신발"
"숲,녹음,삼림,수림,수풀,무성하다,울창하다","숲,녹음,삼림,수림,수풀,무성하다,울창하다"
보내다,"보내다,전송,송신"
대령,대령
"늘다,늘이다,늘리다","늘다,늘이다,늘리다,확장"
"늑대,이리","늑대,이리"
대학원,"대학원,석사 과정,박사 과정"
목요일,목요일
목사,목사
"백부,큰아버지","백부,큰아버지"
"크다,꽤,매우,몹시,무척,아주,대,대단히","크다,꽤,매우,몹시,무척,아주,대,대단히"
룩셈부르크,룩셈부르크
"대전,대전시","대전,대전시"
"불어,프랑스어","불어,프랑스어"
노아,노아
"호모,게이","호모,게이"
큰형,"큰형,장남"
큰언니,"큰언니,장녀"
사진 전공자,"사진 전공자,사진사,포토그래퍼"
사진자,"사진 전공자,사진사,포토그래퍼"
대법원,"대법원,최고 법원"
"날,해","날,해,일"
"기쁨,기쁘다","기쁨,기쁘다,환희"
큰집,"큰집,큰댁"
"나무,수목","나무,수목,식물"
"권총,총,당기다,쏘다","권총,총,당기다,쏘다,사격"
미흡,"미흡,부족"
(총을 쏘는)사수,(총을 쏘는)사수
"엘에이,로스앤젤레스","엘에이,로스앤젤레스"
"아빠,부,부친,아비,아버지","아빠,부,부친,아비,아버지"
거처,"거처,거주지,집"
거주지,"거처,거주지,집"
레몬,레몬
필름,"필름,영화 필름"
"조절,조정","조절,조정,통제"
"줄이다,감소,절감,축소,줄다","줄이다,감소,절감,축소,줄다"
"열다섯,십오","열다섯,십오,15"
"못하다,할 수 없다","못하다,할 수 없다"
"보름,보름날,삼오","보름,보름날,삼오,15일"
광복절,광복절
꽉차다,"꽉차다,가득하다"
"싫다,거부,거절,난색","싫다,거부,거절,난색"
"된소리,경음","된소리,경음"
관형사,관형사
"제사,제","제사,제"
"동사무소,동주민센터","동사무소,동주민센터,행정복지센터"
"지긋지긋,지겹다","지긋지긋,지겹다,싫증"
"싫다,싫어하다","싫다,싫어하다,꺼리다"
습기,"습기,수분,습함"
제화,"제화,구두 제작"
"일반,대개,보통,평범하다","일반,대개,보통,평범하다"
"구역,지역,구","구역,지역,구,행정구역"
물,물
"논,답","논,답,논밭"
"연못,못,호수","연못,못,호수"
카드,카드
잠수,"잠수,물속에 들어감"
"강하다,견고하다,굳다,단단하다,딱딱하다,공고하다,세다,억세다","강하다,견고하다,굳다,단단하다,딱딱하다,공고하다,세다,억세다"
강,"강,강가"
"감투,관","감투,관,모자"
보청기,보청기
상식,"상식,기본 지식"
속다,"속다,기만당하다"
두껍다,"두껍다,두텁다"
"기독교,예수교","기독교,예수교"
"완장,팔띠","완장,팔띠,팔띠표"
"예사,예삿일","예사,예삿일,흔한 일"
"챔피언,우승자","챔피언,우승자,1등"
안경,안경
기관지,"기관지,호흡기관"
"교파,종파","교파,종파,종교 분파"
"비,강우,비가 내리다","비,강우,비가 내리다,우천"
국,"국,나라,국가"
"선언,천명","선언,천명,발표"
"수원,수원시","수원,수원시"
수요일,수요일
"알맞다,적정,적당하다,적절하다","알맞다,적정,적당하다,적절하다"
이탈리아,이탈리아
거부권,"거부권,반대권"
"평상,평상시,평소","평상,평상시,평소,평일"
네팔,네팔
"나누기,나눗셈,제하기","나누기,나눗셈,제하기"
수재민,수재민
건조,"건조,마름,습기 없음"
일상생활,일상생활
내구,"내구,내구성,내마모"
"승차권,차표,표","승차권,차표,표"
"수증기,증기","수증기,증기,김"
"더,게다가,더구나,추가,더욱,더군다나","더,게다가,더구나,추가,더욱,더군다나"
"수분,습하다,물기","수분,습하다,물기"
물약,"물약,액상약"
매표소,"매표소,표 사는 곳"
"교차로,사거리","교차로,사거리,네거리"
"평일,평상일","평일,평상일,근무일"
"공중,민간,서민,일반인","공중,민간,서민,일반인"
임원,"임원,간부"
"튀르키예공화국(약칭 튀르키예),터키","튀르키예공화국,튀르키예,터키"
파도,"파도,해일"
만두,만두
"뽑다,당선,입선,선출","뽑다,당선,입선,선출"
어휘,"어휘,단어,어휘력"
명사,명사
"구원,구출,구하다,건지다,채용","구원,구출,구하다,건지다,채용"
로그인,"로그인,접속"
"대략,대강,대충,약","대략,대강,대충,약"
원피스,"원피스,치마형 옷"
"곧,금명간,신속,이르다,냉큼,빨리,속히,썩,어서,얼른,이내,일찍,일찍이,-자","곧,금명간,신속,이르다,냉큼,빨리,속히,썩,어서,얼른,이내,일찍,일찍이,-자"
등기,"등기,등록"
"선택,뽑다,선발,선출,택하다","선택,뽑다,선발,선출,택하다"
"일본,왜국","일본,왜국"
명예,"명예,체면,존엄"
"단어,낱말","단어,낱말,어휘"
"날쌔다,민첩하다,빠르다","날쌔다,민첩하다,빠르다,신속하다"
"마찬가지,같다,동일,맞다,동,똑같다","마찬가지,같다,동일,맞다,동,똑같다"
"똑같다,똑 닮다,같다,다하다,더 없다,마치다,동일하다,말 다했어?","똑같다,똑 닮다,같다,다하다,더 없다,마치다,동일하다,말 다했어?"
우간다,우간다
"모자라다,결손,결핍,부족,모자람","모자라다,결손,결핍,부족,모자람"
만,만
동족,"동족,같은 민족"
동거인,"동거인,동거자"
"추석,한가위,추석날,팔월대보름","추석,한가위,추석날,팔월대보름"
"일본,왜국","일본,왜국"
인기,"인기,인지도"
가나,가나
출석부,출석부
"그만하다,일관,여전하다,한결같다,그저,일관성이 있다,전과 똑같다","그만하다,일관,여전하다,한결같다,그저,일관성이 있다,전과 똑같다"
반찬,"반찬,찬"
"아득하다,요연하다","아득하다,요연하다"
소주,소주
"지저귀다,주둥이,부리","지저귀다,주둥이,부리"
모세,모세
고속도로,"고속도로,고속차도"
명찰,"명찰,이름표"
다물다,"다물다,입을 닫다"
"일부,일부분,부분","일부,일부분,부분"
"이름,명,성명,성함","이름,명,성명,성함"
스위스,스위스
"주제,제목","주제,제목,타이틀"
"가시,날카롭다,뾰족하다,예리하다,예민하다","가시,날카롭다,뾰족하다,예리하다,예민하다"
"급행,고속","급행,고속"
"미싱,봉제,재봉","미싱,봉제,재봉,재봉틀"
불면,"불면,잠 못 잠"
유지,"유지,보존,지속"
새,"새,조류"
"동경,도쿄","동경,도쿄"
지방 장애인 복지 위원회,지방 장애인 복지 위원회
지방 자치 단체,"지방 자치 단체,지자체"
(눈을)감다,"감다,(눈을)감다,눈 감다"
"태자,왕자,황태자","태자,왕자,황태자"
(칭호)공주,"공주,(칭호)공주"
귀,"귀,이"
"일식,화식,일본요리","일식,화식,일본요리"
아카시아 꽃,아카시아 꽃
"아카시아,아까시나무",아카시아
머리핀,"머리핀,헤어핀"
일본인,"일본인,일인"
"대궐,고궁,궁,궁궐,궁전","대궐,고궁,궁,궁궐,궁전"
"맞다,딱","맞다,딱"
"가락지,반지","가락지,반지"
"깜박대다,깜박거리다,깜박깜박하다","깜박대다,깜박거리다,깜박깜박하다"
"당선자,당선인","당선자,당선인"
"종족,부족","종족,부족"
헝가리,헝가리
"대다수,대부분,주로","대다수,대부분,주로"
기입,"기입,작성,적다"
"일본어,일어","일본어,일어"
지원자,"지원자,응시자"
유추,"유추,비유,추정"
팬티,"팬티,속옷"
"내키다,싶다,원하다,바라다,소원,바람,욕구,염원,원","내키다,싶다,원하다,바라다,소원,바람,욕구,염원,원"
"균일,동일,골고루,일제히","균일,동일,골고루,일제히"
"육십,예순","육십,예순,60"
통신 중계,"통신 중계,중계방송"
주년,"주년,기념일"
배달,"배달,배송"
(신문)배달원,"배달원,(신문)배달원"
"깨,세부,정밀,상세하다,세밀하다,자세하다,찬찬하다,치밀하다,샅샅이,꼼꼼","깨,세부,정밀,상세하다,세밀하다,자세하다,찬찬하다,치밀하다,샅샅이,꼼꼼"
드럼,드럼
우크라이나,우크라이나
(가스불을)켜다,"켜다,(가스불을)켜다"
팀,"팀,조"
케냐,케냐
(풀을)베다,"베다,(풀을)베다,깎다"
부채,"부채,선풍기"
"(모자를)쓰다,모자(를 쓰다)","(모자를)쓰다,모자 쓰기,모자"
"열쇠,키","열쇠,키"
스페인,스페인
"티셔츠,티","티셔츠,티"
기저귀,"기저귀,배내옷"
드라마,"드라마,연속극"
"돋보기,확대경","돋보기,확대경"
"텔레비전,티브이","텔레비전,티브이,TV"
택시,"택시,카"
영국,영국
포르투갈,포르투갈
"일곱,칠","일곱,칠,7"
"고,옛","고,옛"
과테말라,과테말라
ㅈ,ㅈ
"맹세,맹서","맹세,맹서"
ㅉ,ㅉ
"잡지,잡지책","잡지,잡지책,매거진"
잠자리,잠자리
주간,"주간,일주일"
종교,종교
"사업,비즈니스","사업,비즈니스"
집사,집사
주님,"주님,하느님,하나님"
"일주일,이레","일주일,이레,7일"
영어,"영어,영문"
시비,"시비,논쟁"
요르단,요르단
칠월,"칠월,7월"
자격,"자격,조건"
촬영,"촬영,사진 찍기,촬영하기"
준장,"준장,군 계급"
"지금,갓,이제,인제,현재,시방","지금,갓,이제,인제,현재,시방"
주차,"주차,정차"
경찰서,경찰서
"경찰관,경관,경찰","경찰관,경관,경찰"
"경찰,순경,순사","경찰,순경,순사"
"기차,기관차,열차","기차,기관차,열차"
덴마크,덴마크
"내주,다음주,차주,후주","내주,다음주,차주,후주"
구약,"구약,구약 성경"
매주,"매주,주마다"
런던,런던
무지개,무지개
"공장,사업","공장,사업"
"예전,옛날,옛적","예전,옛날,옛적"
공장장,"공장장,관리자"
발전소,"발전소,전기 생산소"
"방뇨,소변,오줌","방뇨,소변,오줌"
증명서,증명서
주차장,주차장
"지난주,작주,전주","지난주,작주,전주"
"승강장,플랫폼","승강장,플랫폼"
조합,"조합,연합,협동조합"
협회,"협회,단체,조직"
푸에르토리코,푸에르토리코
파라과이,파라과이
제곱킬로미터,"제곱킬로미터,㎢"
킬로,"킬로,km"
"고속철도,고속철","고속철도,고속철,KTX"
킬로미터,"킬로미터,km"
킬로그램,"킬로그램,kg"
"케이오,녹아웃","케이오,녹아웃,KO"
피자,피자
필리핀,필리핀
ㅋ,ㅋ
"십칠,열일곱","십칠,열일곱,17"
장애인,"장애인,장애우"
최씨,최씨
장애인 지역사회 재활 시설,장애인 지역사회 재활 시설
장애 아동 수당,장애 아동 수당
"불구,장애","불구,장애"
장애 수당,장애 수당
장애인 직업 재활 시설,장애인 직업 재활 시설
장애인 복지 시설,장애인 복지 시설
장애인 복지 단체 협의회,장애인 복지 단체 협의회
장애인 보조견,장애인 보조견
장애인 등에 대한 특수 교육법,장애인 등에 대한 특수 교육법
장애인기능경기대회,장애인기능경기대회
방귀,방귀
"똥,대변","똥,대변"
항문,항문
"지하철,전철","지하철,전철"
"주사,접종","주사,접종"
"공,볼","공,볼,구"
문제,"문제,질문,의문"
니카라과,니카라과
"전철역,지하철역","전철역,지하철역"
파,파
배신(당하다),"배신,배신(당하다),배신당하다"
쥐,"쥐,생쥐"
노려보다,"노려보다,흘겨보다"
지름길,"지름길,샛길"
"골목,골목길","골목,골목길,좁은길"
"일흔,칠십","일흔,칠십,70"
"쥐색,회색","쥐색,회색,그레이"
"칠순,고희","칠순,고희,70세"
가동,"가동,작동"
평양,평양
평안북도,평안북도
평안남도,평안남도
전송,"전송,보냄"
"갑자기,갑작스럽다,별안간,갑작스레","갑자기,갑작스럽다,별안간,갑작스레"
내쉬다,"내쉬다,숨을 내쉬다"
아르메니아,아르메니아
"발송,보내다,(편지 등을)부치다","발송,보내다,부치다,(편지 등을)부치다"
복습,"복습,다시 보기"
"반복,거듭,수시로,자꾸,자주,잦다,여러 번,연거푸,재차,빈번히","반복,거듭,수시로,자꾸,자주,잦다,여러 번,연거푸,재차,빈번히"
"사슴,순록","사슴,순록"
"또,그리고,다시","또,그리고,다시"
용,"용,드래곤"
벼락,"벼락,번개"
철학,철학
인공와우,인공와우
"치매,치매증","치매,치매증"
"여덟,팔","여덟,팔,8"
팔월,"팔월,8월"
ㅊ,ㅊ
철학자,철학자
"열여덟,십팔","열여덟,십팔,18"
"팔십,여든","팔십,여든,80"
미수연,"미수연,80세 생일"
배부르다,배부르다
"시작,개시,개최,거행,시발,착수,출발,열다,이행,하수","시작,개시,개최,거행,시발,착수,출발,열다,이행,하수"
"참다,견디다,인내,자제,억제","참다,견디다,인내,자제,억제"
지하,"지하,땅속"
"비교,견주다,대조","비교,견주다,대조"
헌금,"헌금,기부금"
"퇴학,퇴교","퇴학,퇴교"
"절반,반절","절반,반절,50%"
필리핀,필리핀
오락가락,"오락가락,왔다갔다"
받다,"받다,수령하다"
바닥,"바닥,지면,땅"
고층,"고층,고층건물"
갚았다,"갚았다,상환했다"
전세,"전세,임대"
"한국어,한국말,국어","한국어,한국말,국어"
외래어,"외래어,차용어"
"-ㅂ니다,-습니다","-ㅂ니다,-습니다,종결어미"
"높임법,경어법","높임법,경어법"
"높임말,존경어,존대어,존댓말,존칭어","높임말,존경어,존대어,존댓말,존칭어"
"과거,전,지나다","과거,전,지나다"
공중,"공중,하늘,공간"
"제사,제","제사,제,의례"
프린터,"프린터,출력기"
인쇄,"인쇄,프린트"
폐,"폐,허파"
영양사,영양사
연고,"연고,약,바르는 약"
복부,"복부,배,하복부"
도우미,"도우미,보조자"
"해약,해지","해약,해지"
"넘기다,(다음으로)넘어가다","넘기다,넘어가다"
허무,"허무,공허,무의미"
아일랜드,아일랜드
"맞바꾸다,교환하다,바꾸다","맞바꾸다,교환하다,바꾸다"
"뒤엎다,뒤집어엎다,그러나,그런데,그렇지만,하지만","뒤엎다,뒤집어엎다,그러나,그런데,그렇지만,하지만"
"두근거리다,불안,설레다,울렁거리다,조마조마하다,두근두근","두근거리다,불안,설레다,울렁거리다,조마조마하다,두근두근"
이중,"이중,중복"
세차,"세차,자동차 세척"
"빗자루,비,쓸다","빗자루,비,쓸다"
벽,"벽,담"
"푹,안식,편안,평안,편하다,안정,안심","푹,안식,편안,평안,편하다,안정,안심"
"엉망,엉터리","엉망,엉터리,지저분"
"훈민정음,한글,한국말","훈민정음,한글,한국말"
미니스커트,"미니스커트,짧은 치마"
"놀이,놀다","놀이,놀다,오락"
논하다,"논하다,토론하다"
후원,"후원,지원,스폰서"
"화려하다,호화,기미하다,여미하다,화미하다,빛나다","화려하다,호화,기미하다,여미하다,화미하다,빛나다"
"헛일,허사,허탕,헛되다","헛일,허사,허탕,헛되다"
"무너지다,내려앉다","무너지다,내려앉다"
"자라 왔다,자라다","자라 왔다,자라다,성장"
"결백,깔끔하다,깨끗하다,말끔하다,산뜻하다,소박하다,순결,순수,정결,청결","결백,깔끔하다,깨끗하다,말끔하다,산뜻하다,소박하다,순결,순수,정결,청결"
"가르다,나누다,구별,구분,분류,분별,분할,유별","가르다,나누다,구별,구분,분류,분별,분할,유별"
"가능,할 수 있다","가능,할 수 있다"
"초과,지나치다","초과,지나치다,넘다"
"하늘,개다","하늘,개다,공중"
"손,맨손","손,맨손,손바닥"
"새우다,철야,밤샘,밤새우다","새우다,철야,밤샘,밤새우다"
"봉사,공양,기증,제출,드리다,바치다","봉사,공양,기증,제출,드리다,바치다"
"낮다,비하","낮다,비하,하위"
한국농아인협회,한국농아인협회
"일치,대응,맞추다","일치,대응,맞추다"
전주,전주
"양분,영양,영양분,자양분","양분,영양,영양분,자양분;"
"왼쪽,좌측,좌,왼편,좌편","왼쪽,좌측,좌,왼편,좌편"
"울산,울산시","울산,울산시"
"반,학급","반,학급"
"박수,박자,손뼉","박수,박자,손뼉"
아깝다,"아깝다,아쉽다,안타깝다,허무하다,섭섭하다"
"이슬람교,회교","이슬람교,회교,이슬람,무슬림,이슬람 종교"
"절,참배,큰절","절,참배,큰절,사배,절하다,인사,예배,경례,참배하다,큰절하다"
"금주,이번 주,금주일","금주,이번 주,금주일,이번 주간,이번 주일,현재 주,현재 주간"
모르다,"모르다,알지 못하다,모른다,인식 못하다,이해 못하다"
접다,"접다,개다,접히다,구기다,끼우다,접어넣다"
"전라북도,전북","전라북도,전북,전북지역,전북도,전라북도청"
"교복,학생복","교복,학생복,교복복장,교복차림,학교복,학생용"
"그만,금지,그만두다,금하다,말다,하지 마","그만,금지,그만두다,금하다,말다,하지 마,중지,중단하다,멈추다"
바둑,"바둑,바둑두기,기원"
자메이카,자메이카
원산,"원산,생산지,출처,산지"
주고받다,"주고받다,교환하다,나누다,소통하다"
당신,"당신,너,자네,그대"
기도,"기도,기원,빌다,기도문,염원"
칭찬,"칭찬,찬양,격려,호평,우대"
교감,"교감,소통,공감,감정 공유"
김치,"김치,김장,절임채소"
가다,"가다,이동하다,출발하다,떠나다,향하다"
"식탁,밥상,진짓상","식탁,밥상,진짓상,식사상,상"
잠비아,잠비아
"포옹,품,껴안다,끌어안다,안다,품다","포옹,품,껴안다,끌어안다,안다,품다,안기다"
"계승,승계","계승,승계,잇다,잇따르다,이어받다"
"다급하다,성급하다,조급하다,급급하다,바쁘다,급조하다,변급하다","다급하다,성급하다,조급하다,급급하다,바쁘다,급조하다,변급하다,긴박하다"
"낮,대낮,백주,밝다,새다,트다,환하다,훤하다,개다","낮,대낮,백주,밝다,새다,트다,환하다,훤하다,개다,해가 뜨다"
"날다,새","날다,비행하다,새,비상하다"
"나,내,제,자기","나,내,제,자기,본인,당사자"
"근로,근무,노동,일,작업","근로,근무,노동,일,작업,일하다,노동하다"
"귀하다,존귀","귀하다,존귀,소중하다,귀중하다"
안 보이다,"안 보이다,보이지 않다,가리다,숨다"
"오너라,오라,부르다","오너라,오라,부르다,호명하다,초대하다,소환하다"
얻어맞다,"얻어맞다,맞다,두들겨맞다,폭행당하다"
"변덕스럽다,변덕","변덕스럽다,변덕,오락가락하다,불규칙하다"
바르다,"바르다,곧다,올바르다,정직하다,바름"
"부랴부랴,허겁지겁,허둥거리다, 허둥대다","부랴부랴,허겁지겁,허둥거리다,허둥대다,급히,급하게"
"과,전공","과,전공,학과,분야"
"아홉,구","아홉,구,9"
"부르다,소환,호출","부르다,소환,호출,호명하다,호칭하다"
끝내다,"끝내다,마치다,종료하다,완료하다,끝장내다"
"밤,어둡다,껌껌하다,어둠,깜깜하다,캄캄하다","밤,어둡다,껌껌하다,어둠,깜깜하다,캄캄하다,흑암"
"기원,빌다","기원,빌다,염원,소망"
"건립,설립,수립,세우다","건립,설립,수립,세우다,창립,창설"
"거저,공것,공짜,무료,면제,면하다","거저,공것,공짜,무료,면제,면하다,무상"
"가득,차다,가득히","가득,차다,가득히,꽉,빽빽이"
흥분,"흥분,격앙,열광,들뜸,감정고조"
"매진,고갈,소모,동나다,매진되다,바닥나다,없애다,다 팔리다","매진,고갈,소모,동나다,매진되다,바닥나다,없애다,다 팔리다,품절"
농아,"농아,청각장애인,귀먹은 사람"
"넓다,너르다,널찍하다","넓다,너르다,널찍하다,광활하다,와이드하다"
남산,"남산,서울남산,남산타워"
"농인,농아인","농인,농아인,청각장애인"
"가산,가재","가산,가재,재산,자산,가재산"
가볍다,"가볍다,경쾌하다,무겁지 않다,경량"
구월,"구월,9월,가을달"
"용감하다,용기","용감하다,용기,담대하다,대담하다,용맹하다"
시설,"시설,설비,기관,시설물"
스타일,"스타일,양식,유행,형태,패션"
숙청,"숙청,정리,제거,추방"
"잔디,풀","잔디,풀,잔디풀,잔초"
"학적부,생활부,생활기록부","학적부,생활부,생활기록부,학생기록,학교기록"
"골몰,전념,집중,골똘하다","골몰,전념,집중,골똘하다,몰입"
배부,"배부,분배,나눔,배포,배급"
"발표,광고,표시,표현,나타내다,드러내다","발표,광고,표시,표현,나타내다,드러내다,선포,알림"
"발전,발달,번영,진흥,향상","발전,발달,번영,진흥,향상,도약,성장"
"모르는 척하다,시치미떼다","모르는 척하다,시치미떼다,모른 체하다,외면하다"
"무관심,내외,외면","무관심,내외,외면,방관,냉담"
"먹다,식사","먹다,식사,섭취하다,식하다"
"맡기다,소장,놓다,놓아두다,두다","맡기다,소장,놓다,놓아두다,두다,보관하다"
"만큼,어치,정도,-쯤","만큼,어치,정도,-쯤,-만치,-가량"
"(빠르게)달리다,뛰다","달리다,뛰다,전력질주,질주,질주하다"
"동네,마을","동네,마을,촌락,지역,거주지"
"대한민국,한국","대한민국,한국,남한,코리아"
"뒤적이다,들추다,캐다","뒤적이다,들추다,캐다,뒤지다,찾다"
"할머니,조모","할머니,조모,할매,조모님"
"발걸음,발자국,밟다,걸음","발걸음,발자국,밟다,걸음,보폭"
지식인,"지식인,학자,전문가,식자"
화장,"화장,메이크업,단장"
"먹구름,먹장구름","먹구름,먹장구름,검은 구름,비구름"
"꼬시다,유인,유도","꼬시다,유인,유도,설득,유혹"
"고의,일부러","고의,일부러,의도적,작정하고"
잔디밭,"잔디밭,잔디,초원,잔디밭길"
"외국인,이방인","외국인,이방인,타국인,해외인"
체코,"체코,체코공화국"
"지각,지체,늦다,굼뜨다,느리다,더디다,천천하다,서서히","지각,지체,늦다,굼뜨다,느리다,더디다,천천하다,서서히,느긋하다"
"차이,갭","차이,갭,격차,차별,불일치"
"없다,비다","없다,비다,존재하지 않다,무"
"맨몸,가진 것이 없다","맨몸,가진 것이 없다,빈손,무장해제"
마저,"마저,조차,까지도"
"체중,몸무게","체중,몸무게,무게,중량"
체온,"체온,몸의 온도,신체온도"
직접,"직접,스스로,자체적으로,직접적으로"
조수,"조수,보조자,어시스턴트,부조자"
"잘하다,잘","잘하다,잘,능숙하다,능하다,잘해내다"
"잘못,못하다","잘못,못하다,실수,오류,실패하다,잘하지 못하다"
"청주,청주시","청주,청주시,충북청주"
주부,"주부,가정주부,집안일 하는 사람"
청와대,"청와대,대통령실,구 청와대,대통령 관저"
청소년,"청소년,소년소녀,청년기,10대,미성년자"
"올해,금년,당년,올","올해,금년,당년,올,올 한 해"
"이전,이사,전출","이전,이사,전출,옮김,이동"
"격퇴,물리치다,퇴치","격퇴,물리치다,퇴치,방어,저지"
거래,"거래,매매,교역,비즈니스,교환"
"감정,기분,정서","감정,기분,정서,마음,심정"
"가만히,조용하다","가만히,조용하다,조용히,정숙하게"
"가꾸다,기르다,배양,양성,양육,육성,키우다","가꾸다,기르다,배양,양성,양육,육성,키우다,재배하다"
"한국,대한민국","한국,대한민국"
프린트,"프린트,인쇄,프린트하다,인쇄하다"
"사진,찍다","사진,찍다,촬영,촬영하다,사진촬영"
배추,"배추,김장배추,채소"
배짱,"배짱,용기,대담함,담력"
지식,"지식,정보,앎,학문,이해"
"제자,모나코,사도,도제","제자,모나코,사도,도제,수제자,추종자"
"춘천,춘천시","춘천,춘천시,강원춘천"
"진보,향상","진보,향상,발전,개선,도약"
"종류,가지,종목,종,다각,다각도","종류,가지,종목,종,다각,다각도,형태"
"(공간이)좁다,비좁다","(공간이)좁다,비좁다,비좁은,협소하다"
잎,"잎,잎사귀,이파리"
"입학,취학,입교","입학,취학,입교,학교에 들어감"
"싶다,갈급","싶다,갈급,원하다,열망하다"
"당사자,본인","당사자,본인,자기,스스로"
낙선,"낙선,탈락,선거 패배"
(나무를)베다,"(나무를)베다,자르다,찍다,나무를 자르다"
"쌓다,차곡차곡","쌓다,차곡차곡,축적하다,모으다"
"그만,끝,까지,종결,종료,끝나다,마치다","그만,끝,까지,종결,종료,끝나다,마치다,종식"
"때리다,손찌검,패다,후려치다","때리다,손찌검,패다,후려치다,구타"
"절대,공,공공,결코,절대로","절대,공,공공,결코,절대로,단연코"
"탁자,테이블","탁자,테이블,상"
"귀중하다,중요,막중하다,소중하다","귀중하다,중요,막중하다,소중하다,중요하다"
공약,"공약,약속,정치 약속,서약"
"신체적 장애,지체장애","신체적 장애,지체장애,육체적 장애,장애"
"정범,주범","정범,주범,주요 범인,책임자"
"과거,지나다","과거,지나다,이전,옛날"
방,"방,실,룸,공간"
여러분,"여러분,여러사람,모두,당신들"
손자,"손자,자손,손주"
소녀,"소녀,여자아이,어린 소녀"
청바지,"청바지,진,데님바지"
주교,"주교,교구장,성직자"
"집,주택,가옥,세대,호,댁","집,주택,가옥,세대,호,댁,가정,가구"
"부추기다,부채질,추키다","부추기다,부채질,추키다,자극하다"
"방어,방지,수비,막다,저지,거절,차단","방어,방지,수비,막다,저지,거절,차단,방벽"
소설,"소설,픽션,이야기,서사"
바지,"바지,하의,팬츠"
"바쁘다,분주하다","바쁘다,분주하다,정신없다"
"우리,저희","우리,저희,우리들"
"사랑,-애","사랑,-애,애정,연애"
어질다,"어질다,선하다,착하다,온화하다"
"어부,어민","어부,어민,고기잡이,어업인"
양말,"양말,버선,양말짝"
"책,도서,서적,책자,펴다","책,도서,서적,책자,펴다,간행물"
"앞,앞쪽,전면,전방","앞,앞쪽,전면,전방,정면"
"암흑,깜깜하다,캄캄하다","암흑,깜깜하다,캄캄하다,흑암,어둠"
"아부,아첨,달래다,맞추다,쓰다듬다,어루만지다,비위맞추다","아부,아첨,달래다,맞추다,쓰다듬다,어루만지다,비위맞추다,영합"
"중앙,도중,중,중도,가운데,중심","중앙,도중,중,중도,가운데,중심,센터"
시민,"시민,국민,주민,도민"
전씨,"전씨,전 씨"
이남,"이남,남쪽 지역,남부"
"전문가,베테랑","전문가,베테랑,숙련자,고수"
"전문,과,부문,분야","전문,과,부문,분야,세부영역"
전람,"전람,전시,박람회"
오이,"오이,채소,오이류"
배반,"배반,裏切り,배신"
손녀,"손녀,여자 손자,손자녀"
"아래,이하,후배,하류,하,밑","아래,이하,후배,하류,하,밑,저쪽"
"(시작 전)사전,전,전에,이전","사전,전,전에,이전,예비,미리,(시작 전)사전,시작 전"
유치원,"유치원,취학 전 교육기관,어린이집"
(신체의)배,"배,복부,신체의 복부,(신체의)배"
본인,"본인,자기,자신"
본부,"본부,중심지,사령부,센터"
열,"열,온도,체온,고열"
(가진 것이)없다,"무,존재하지 않다,결여되다,(가진 것이)없다"
아끼다,"아끼다,절약하다,소중히 하다"
"자정,오야","자정,오야,밤12시"
실천,"실천,행동,이행"
의정부,"의정부,경기도 의정부시"
"젊다,청춘","젊다,청춘,젊은이,젊은 시절"
"맞지 않다,적합하지 않다","맞지 않다,적합하지 않다,부적절하다"
"외국,이국,타국,해외","외국,이국,타국,해외,외지"
"오늘,금일,이번,오늘날,현재","오늘,금일,이번,오늘날,현재,당일"
"부터,이래","부터,이래,이후,시작점"
볶다,"볶다,굽다,조리하다"
"위로,위안","위로,위안,격려,달램"
금식,"금식,단식,절식"
교장,"교장,학교장,총장"
"고용,채용","고용,채용,취직,일자리 제공"
"뜨겁다,화끈","뜨겁다,화끈,열기있다,후끈하다"
"멍,멍들다","멍,멍들다,타박상,부어오름"
"준비,장만,채비,마련,차리다,챙기다","준비,장만,채비,마련,차리다,챙기다,대비"
"전라남도,전남","전라남도,전남,남도,전남지역"
"경력,이력","경력,이력,이전 직무,업적"
경계,"경계,주의,조심,한계"
"간장,장,장유","간장,장,장유,간장류"
"닿다,밀착,붙다,붙이다","닿다,밀착,붙다,붙이다,접촉"
"당뇨병,당뇨","당뇨병,당뇨,혈당질환"
"당나귀,나귀","당나귀,나귀,노새"
"다르다,상이하다,딴","다르다,상이하다,딴,별개이다"
다니다,"다니다,출근하다,오가다"
"깜깜하다,소식이 없다,감감하다,감감무소식,무소식,무신","깜깜하다,소식이 없다,감감하다,감감무소식,무소식,무신,연락두절"
까마귀,"까마귀,검은새,조류"
미수,"미수,미수금,회수되지 않음"
"미래,다음,앞날,앞길,장래,장차,향후","미래,다음,앞날,앞길,장래,장차,향후,이후"
주소,"주소,거주지,위치"
시청,"시청,시청청사,시 행정부"
이웃,"이웃,근처 사람,주변 사람,이웃사람"
"이야기,강의,설교","이야기,강의,설교,강연,담화"
승급,"승급,진급,레벨업,등급 상승"
어깨,"어깨,견부"
실각,"실각,권력 상실,정권 붕괴"
"이사,전출","이사,전출,이전,이동"
"은혜,은총","은혜,은총,호의,배려"
"앨범,사진첩","앨범,사진첩,포토북"
중장,"중장,고위 장성"
시야,"시야,시선,시각 범위,눈에 보이는 범위"
이북,"이북,북쪽,북한"
"친절,대우,접대,서비스,대접","친절,대우,접대,서비스,대접,호의,배려"
"안내,어서 들어오세요,어서 오세요","안내,어서 들어오세요,어서 오세요,인도,유도"
"주세요,주십시오,달라다,달라고 하다","주세요,주십시오,달라다,달라고 하다,요청하다"
"식당,음식점","식당,음식점,레스토랑,밥집"
"승진,오르다","승진,오르다,진급,지위 상승"
증조할아버지,"증조할아버지,고조부의 아들"
증조할머니,"증조할머니,고조모의 며느리"
"절정,정상,정점","절정,정상,정점,클라이맥스"
경험,"경험,체험,경력"
"가정부,가사관리사","가정부,가사관리사,도우미,가사도우미"
"가장,가구주,주인,호주","가장,가구주,주인,호주,집안 어른"
"검정,검다,까맣다,타다,흑","검정,검다,까맣다,타다,흑,흑색"
"꼬마,꼬맹이,소아","꼬마,꼬맹이,소아,어린이"
"가슴,흉부","가슴,흉부,가슴팍"
"때문,바람,탓,말미암다,인하다,-니까","때문,바람,탓,말미암다,인하다,-니까,원인"
"때,경우,시기,시대,시절,무렵,즈음","때,경우,시기,시대,시절,무렵,즈음,타이밍"
되다,"되다,되어지다,형성되다"
"가족,식구,세대,가구","가족,식구,세대,가구,가정"
김,"김,해조류,김밥김"
"길,도로","길,도로,거리,차도"
"달다,당분,당","달다,당분,당,단맛"
"구공탄,연탄","구공탄,연탄,연료탄"
"교환,바꾸다,맞바꾸다","교환,바꾸다,맞바꾸다,교체"
"광택,광","광택,광,윤기,반짝임"
"동안,사이,기간","동안,사이,기간,시간"
남해,"남해,남쪽 바다,남쪽 해역"
남아메리카,"남아메리카,남미,South America"
"쉬다,휴가,휴게,휴식,휴양","쉬다,휴가,휴게,휴식,휴양,재충전"
수비수,"수비수,방어선,디펜더"
"가사,집안일,가정일","가사,집안일,가정일,가정업무"
다행,"다행,천만다행,운이 좋다"
미얀마,"미얀마,버마"
먹이다,"먹이다,음식을 주다,급식하다"
"먹,먹을 갈다","먹,먹을 갈다,묵"
마리아,"마리아,성모마리아,여성 이름"
선수,"선수,플레이어,경기자"
선서,"선서,맹세,다짐,서약"
수당,"수당,추가 보수,보너스"
"수단,수법","수단,수법,방법,기법"
독도,"독도,동도,서도,대한민국 섬"
빛나다,"빛나다,반짝이다,광채를 내다"
빌딩,"빌딩,건물,고층건물"
농,"농,농사,농업"
"녹색,초록,초록색","녹색,초록,초록색,그린"
"불합격,낙제,지다","불합격,낙제,지다,떨어지다"
목욕탕,"목욕탕,온천,사우나,대중탕"
목욕,"목욕,씻다,목욕하다"
수기,"수기,손글씨,기록"
리비아,리비아
석탄,"석탄,탄광,연료탄"
"서점,책방","서점,책방,도서관"
"오른쪽,우측,오른편,우,우편","오른쪽,우측,오른편,우,우편,라이트"
알다,"알다,이해하다,인식하다"
익히다,"익히다,배우다,연습하다"
익숙하다,"익숙하다,적응되다,익히다"
이집트,"이집트,에지프트,피라미드의 나라"
"안심,안전,안정","안심,안전,안정,평온"
"안식처,안식소","안식처,안식소,휴식 공간,쉼터"
"고기,물고기,생선,헤엄치다","고기,물고기,생선,헤엄치다,육류"
공급,"공급,제공,분배,유통"
공공시설,"공공시설,공공기관,공공장소"
"아가씨,처녀","아가씨,처녀,미혼 여성"
"요트,돛","요트,돛,요트배"
업무상 과실 치상죄,"업무상 과실 치상죄,업무상 실수로 상해를 입힌 죄"
"수비군,수비부대","수비군,수비부대,방어병력"
외인,"외인,외국인,외래인"
"붙들다,검거,붙잡다,잡다","붙들다,검거,붙잡다,잡다,체포"
벌,"벌,처벌,징계,징벌"
말레이시아,말레이시아
"보수,수리,수선","보수,수리,수선,고치다"
"한국은행,한은","한국은행,한은,중앙은행"
"학자금,학비,수업료","학자금,학비,수업료,등록금"
도시락,"도시락,식사상자,점심상자"
"도시,도회,시","도시,도회,시,도심"
대통령,"대통령,국가원수,대통령직"
"낳다,나다,태어나다,분만,생식,출산,출생,탄생,해산","낳다,나다,태어나다,분만,생식,출산,출생,탄생,해산"
낯설다,"낯설다,생소하다,익숙하지 않다"
"변하다,변질,변화,변환,돌아서다","변하다,변질,변화,변환,돌아서다,바뀌다"
동거,"동거,같이 살다,함께 지냄"
무궁화,"무궁화,대한민국 국화"
납치,"납치,유괴,감금"
"돕다,거들다,기여,도움,보조,원조,지원,찬조","돕다,거들다,기여,도움,보조,원조,지원,찬조,지원하다"
"도살,살육","도살,살육,죽이다"
도배,"도배,벽지 바르기,실내 인테리어"
무한,"무한,끝없음,무제한"
"도로,길","도로,길,차도,교통로"
"망하다,멸망,붕괴,쇠망,무너지다,부서지다,허물어지다,헐다","망하다,멸망,붕괴,쇠망,무너지다,부서지다,허물어지다,헐다"
휴게소,"휴게소,쉼터,중간 휴식지"
"풀이,세이프,수습,처리,해결,해소,풀다,해내다,조치","풀이,세이프,수습,처리,해결,해소,풀다,해내다,조치"
"책방,서점","책방,서점,도서점"
공무 집행 방해죄,"공무 집행 방해죄,공무방해죄,공무집행 방해"
고의,"고의,의도,일부러"
"소제,청소","소제,청소,정리,정돈"
보조 공학 기기,"보조 공학 기기,보조기기,장애인 보조장치"
보조견,"보조견,안내견,도우미견"
"공범,공동정범,공범자","공범,공동정범,공범자,공동 가해자"
"행선지,행방,가는곳","행선지,행방,가는곳,목적지"
집터,"집터,택지,대지,부지"
집값,"집값,주택가격,매매가"
출발점,"출발점,시작점,기점"
할부,"할부,분할 납부,할부 결제"
촌장,"촌장,마을 대표,이장"
초록색,"초록색,녹색,그린"
거제도,"거제도,경남 거제,섬"
"낙엽,가랑잎,낙엽이 떨어지다","낙엽,가랑잎,낙엽이 떨어지다,잎 떨어짐"
"과목,강좌,교과,학과목,교과목","과목,강좌,교과,학과목,교과목,수업"
"취업,취직","취업,취직,직장 얻기,고용"
거미,"거미,지주,거미류"
"나타나다,드러나다,출현","나타나다,드러나다,출현,등장하다"
무효,"무효,효력 없음,무력"
"나중,밖,이후,후","나중,밖,이후,후,뒤"
꿀벌,"꿀벌,벌,양봉벌"
"-탕,죽","-탕,죽,국물요리,국,탕"
공인중개사,"공인중개사,부동산 중개인"
고향,"고향,출생지,본향"
개학,"개학,학교 시작,개강"
난쟁이,"난쟁이,소인,왜소인"
나비,"나비,호랑나비,나방과"
"타인,남,타자","타인,남,타자,다른 사람"
"혼신,온몸,몸,동체,몸뚱이,몸체,신체","혼신,온몸,몸,동체,몸뚱이,몸체,신체,전신"
하늘색,"하늘색,연파랑,청색빛"
"탁구,핑퐁","탁구,핑퐁,테이블 테니스"
풋사과,"풋사과,미숙한 사과"
선동자,"선동자,선동가"
녹두,"녹두,초록콩"
공공장소,"공공장소,공공의 공간,다중이용시설"
공공 기관,"공공 기관,정부기관,공공조직"
"학도병,학병","학도병,학병,학생 병사"
한국 전쟁,"한국 전쟁,6.25 전쟁,남북전쟁"
한국인,"한국인,대한민국 사람,한민족"
전라도,"전라도,전남북,호남지역"
화장대,"화장대,드레서,거울대"
관공서,"관공서,공공기관,행정기관"
"공부,학업","공부,학업,학습"
"공무원,공복","공무원,공복,국가직원"
개미,"개미,곤충"
"건의,제의","건의,제의,제안"
"개다,개키다,싸다,포장","개다,개키다,싸다,포장,정리하다"
"개,강아지","개,강아지,반려견"
날씬하다,"날씬하다,마르다,호리호리하다"
"나머지,남다,여분,흑자","나머지,남다,여분,흑자,잔량"
근사하다,"근사하다,멋지다,괜찮다"
(여자)권사,"(여자)권사,여권사,권사"
(남자)권사,"(남자)권사,남권사,권사"
공립,"공립,국공립,공공학교"
"열중,몰두","열중,몰두,집중"
양어장,"양어장,물고기 양식장"
열광,"열광,광분,흥분"
"미-,미처,아직","미-,미처,아직,아직까지"
겹겹이,"겹겹이,여러 겹,겹겹으로"
과장,"과장,직책,팀장"
중부 지방,"중부 지방,중부지역,중앙지역"
"안녕하세요,안녕하십니까,안녕히 가십시오,안녕히 계세요","안녕하세요,안녕하십니까,안녕히 가십시오,안녕히 계세요,인사말"
"안내인,안내원","안내인,안내원,가이드"
인쇄소,"인쇄소,출판소,프린터실"
재택근무,"재택근무,원격근무,재택근로"
"도령,총각","도령,총각,미혼남성"
"요즘,요사이,요새,요즈음,최근,작금","요즘,요사이,요새,요즈음,최근,작금,근래"
"연사,연설가,연설사,연설자","연사,연설가,연설사,연설자,강연자"
입학식,"입학식,입교식"
따귀,"따귀,뺨,뺨 때리기"
왼손잡이,"왼손잡이,좌잡이"
보약,"보약,한약,보신약"
"선비,학자","선비,학자,지식인"
"내밀다,떠밀다,밀다","내밀다,떠밀다,밀다,밀어내다"
내리누르다,"내리누르다,눌러앉히다"
"검은색,검정색,흑,흑색","검은색,검정색,흑,흑색,블랙"
"받다,얻다,타다","받다,얻다,타다,수령하다"
"생신,생일,생일날","생신,생일,생일날,탄신"
배급소,"배급소,분배처,공급처"
섬,"섬,도서,도서지방"
아랫사람,"아랫사람,후배,부하"
생선회,"생선회,회,회덮밥"
"상류,선배,위,이상","상류,선배,위,이상,윗쪽"
"파란색,파랑,청,청색","파란색,파랑,청,청색,블루"
몸짓,"몸짓,바디랭귀지,제스처"
다오,"다오,줘,달라"
"감사합니다,감사,고맙다","감사합니다,감사,고맙다,고마워요"
"휴일,쉬는 날","휴일,쉬는 날,공휴일"
"교류,교제,사귀다,사교","교류,교제,사귀다,사교,소통"
"관인,공인,인관,직인","관인,공인,인관,직인,도장"
휴게실,"휴게실,라운지,쉼터"
"공직,공무","공직,공무,공적 직무"
"공문,공문서","공문,공문서,공적 문서"
"거부당하다,기각,부결","거부당하다,기각,부결,반려"
상승,"상승,오름,상향,오르다"
소설가,"소설가,작가,문인"
"몸동작,몸가짐,처신,태도","몸동작,몸가짐,처신,태도,자세"
알아보다,"알아보다,인식하다,식별하다"
"바람나다,바람","바람나다,바람,외도,간통"
"박해,짓밟다","박해,짓밟다,탄압"
"근로자,고용인,노동자,노무자,사원,일꾼,종업원,직원","근로자,고용인,노동자,노무자,사원,일꾼,종업원,직원,근무자"
"게시,제시","게시,제시,알림,공시"
"자시다,잡수다","자시다,잡수다,드시다"
이야기책,"이야기책,동화책,소설책"
이삿짐,"이삿짐,이사짐,짐"
밤새다,"밤새다,밤을 새우다,철야하다"
향하다,"향하다,방향을 틀다,지향하다"
"통보,알리다","통보,알리다,전달하다"
"메뉴,차림표","메뉴,차림표,식단표"
"남쪽,남,따뜻하다,봄,포근하다","남쪽,남,따뜻하다,봄,포근하다,남부"
"작업복,노동복,일복","작업복,노동복,일복,작업용 의복"
농아인의 날,"농아인의 날,청각장애인 기념일"
농아인,"농아인,청각장애인"
"대응,맞추다¹","대응,맞추다,반응하다,대처하다,대응하다"
"달하다,도달","달하다,도달,이르다,도착하다,도달하다"
합장,"합장,손을 모으다,기도 자세"
한복,"한복,전통 의상,한국 전통복"
"할아버지,조부","할아버지,조부,조부모,할배"
할렐루야,"할렐루야,감사 찬양,기독교 인사"
"한반도,남북한","한반도,남북한,남한과 북한"
한라산,"한라산,제주산,높은 산"
한국장애인고용촉진공단,"한국장애인고용촉진공단,장애인고용공단"
한국수화,"한국수화,수화,한국수어"
"학생,학도","학생,학도,수강생"
학교,"학교,교육기관,학당"
학과,"학과,전공과목,과"
흑자,"흑자,잉여,이익"
"막다,막히다,먹다","막다,막히다,먹다,차단하다"
중부,"중부,중앙지역,중간지역"
"집안,가정,일가,가내","집안,가정,일가,가내,가족"
진급,"진급,승급,오르다"
취사장,"취사장,부엌,조리장"
헌신,"헌신,희생,봉사"
"행패,횡포","행패,횡포,폭력행위"
허리,"허리,요추"
"갱,깡패,불량배","갱,깡패,불량배,조폭"
"가라앉히다,냉각,가라앉다","가라앉히다,냉각,가라앉다,진정시키다"
"계승자,계승인","계승자,계승인,후계자"
"도시,도회,도회지","도시,도회,도회지,도심"
"-도,제주,제주도","도,제주,제주도,제주특별자치도"
놀이터,"놀이터,유희장,놀이공간"
패다,"패다,때리다,구타하다"
"팔,팔뚝","팔,팔뚝,팔부위"
낮잠,"낮잠,짧은 수면"
고조할아버지,"고조할아버지,고조부"
고조할머니,"고조할머니,고조모"
과대,"과대,과장,과도"
"과,-꾼,전공,똑바로","과,-꾼,전공,똑바로,과목"
"작업장,일터","작업장,일터,현장"
"일자리,일터,직장","일자리,일터,직장,근무지"
직업교육,"직업교육,기술교육,취업교육"
"젊은이,청년","젊은이,청년,청춘"
"우두머리,두목,수장","우두머리,두목,수장,지도자"
이력서,"이력서,경력서"
외국어,"외국어,외래어,다른 나라 언어"
"팩스,팩시밀리","팩스,팩시밀리,전송기기"
택배,"택배,배달,소포"
태극기,"태극기,국기,대한민국 깃발"
"파면,해고","파면,해고,면직"
"파랑,청,청색,파랗다,푸르다","파랑,청,청색,파랗다,푸르다,블루"
"푸대접,홀대","푸대접,홀대,냉대"
내력,"내력,이력,경과"
"그만,그만이다","그만,그만이다,중단,정지"
"균형,대등,수평,평등,표준,평평하다","균형,대등,수평,평등,표준,평평하다,균등"
"귀여워하다,귀엽다","귀여워하다,귀엽다,애정어린,사랑스럽다"
"당부,부탁,요청,청하다,요구","당부,부탁,요청,청하다,요구,의뢰"
"아니다,않다","아니다,않다,아니오"
항복,"항복,굴복,무장해제"
"복사,카피","복사,카피,복제"
"대회,회","대회,회,모임,행사"
들다,"들다,집어넣다,입력하다"
"비유,보기","비유,보기,사례"
"접속,링크,연결","접속,링크,연결,연계"
영상 메시지,"영상 메시지,동영상,비디오 메일"
"것,몫,소유","것,몫,소유,소지"
(비가)내리다,"(비가)내리다,비 오다,비가 오다,비내리다,비가 내리다"
"낙담,낙망,낙심,실망,절망,좌절","낙담,낙망,낙심,실망,절망,좌절,의기소침"
"알 수 없다,이해가 안 되다,아리송하다","알 수 없다,이해가 안 되다,아리송하다,혼란스럽다"
"득하다,획득","득하다,획득,얻다,취득"
달아오르다,"달아오르다,열기 오르다,뜨거워지다"
"지폐,현금,현찰","지폐,현금,현찰,돈"
몰아치다,"몰아치다,쏟아지다,급습하다"
"전승,소승","전승,소승,불교 종파"
"피곤,피로","피곤,피로,지침"
"건설,건축","건설,건축,공사"
잡담,"잡담,수다,이야기"
스칸디나비아 반도,"스칸디나비아 반도,북유럽 반도"
지진,"지진,진동,땅 흔들림"
"바캉스,피서,여름휴가","바캉스,피서,여름휴가,휴가"
연,"연,실날리는 연"
아멘,"아멘,기독교 응답어"
"시골,촌","시골,촌,농촌"
아파트,"아파트,공동주택"
"계산대,카운터","계산대,카운터,결제대"
미국,"미국,USA,미합중국"
"불,불타다,불길,불꽃,타다,활활,활활타다","불,불타다,불길,불꽃,타다,활활,활활타다,화염"
인색,"인색,짠돌이,검소하다"
"습득,줍다","습득,줍다,발견하다"
며칠,"며칠,몇일,얼마나"
(눈이)내리다,"(눈이)내리다,눈 오다,눈 내림,눈이 내리다"
월드컵,"월드컵,국제축구대회"
"얼떨결,얼결","얼떨결,얼결,당황,순간적으로"
"애매하다,가물거리다,가물대다,불분명하다,막연하다,묘연하다,아물거리다,흐리다,희미하다,모호,불확실,어렴풋이","애매하다,가물거리다,가물대다,불분명하다,막연하다,묘연하다,아물거리다,흐리다,희미하다,모호,불확실,어렴풋이"
"세면,세수,씻다,세안","세면,세수,씻다,세안,세척"
질색,"질색,싫어함,거부감"
"간추리다,집약,요약하다","간추리다,집약,요약하다,정리하다"
가져오다,"가져오다,들고 오다,데려오다"
휩쓸다,"휩쓸다,덮치다,쓸어버리다"
받아라,"받아라,받으시오,수령해라"
능하다,"능하다,잘하다,숙련되다"
제법,"제법,꽤,상당히"
지갑,"지갑,돈지갑,지폐지갑"
따돌리다,"따돌리다,소외시키다,피하다"
"무섭다,겁,겁나다,두려워하다,두렵다","무섭다,겁,겁나다,두려워하다,두렵다,무서워하다"
"예,끄덕이다","예,끄덕이다,응,그래"
"토의,토론","토의,토론,의견 나눔"
마케도니아,마케도니아
마카오,마카오
하복,"하복,여름 교복"
계약금,"계약금,선불금,보증금"
지배인,"지배인,매니저,관리자"
"개그맨,개그우먼","개그맨,개그우먼,코미디언"
캄보디아,캄보디아
억,"억,일억,큰 수치"
"앰뷸런스,구급차","앰뷸런스,구급차,응급차"
"나이,나잇살,살,연령,연세","나이,나잇살,살,연령,연세,연령대"
"줄,대열,늘어서다,줄지어 서다,행렬","줄,대열,늘어서다,줄지어 서다,행렬,행진"
소극적,"소극적,내성적,수동적"
자막,"자막,스크립트,글자 설명"
여관,"여관,숙소,하숙집"
종합,"종합,총합,합산"
진동,"진동,흔들림,진폭"
사우나,"사우나,찜질방,목욕탕"
"앞당기다,당기다,잡아당기다","앞당기다,당기다,잡아당기다,빨리 하다"
(지역)공주,"공주,지역명 공주,충남 공주시,(지역)공주"
"거두다,수확","거두다,수확,걷다,채취"
바람(을) 피우다,"바람(을) 피우다,외도하다,불륜하다,바람피다"
부속,"부속,부품,부속품"
총리,"총리,수상,정부 수반"
"바보,천치","바보,천치,멍청이,어리석은 사람"
"바람,바람이 불다,가을,불다","바람,바람이 불다,가을,불다,바람기운"
소름,"소름,닭살,전율"
어울리다,"어울리다,조화되다,함께하다"
영국,"영국,UK,잉글랜드"
"지문자,지화","지문자,지화,손글자"
약하다,"약하다,힘이 없다,허약하다"
오징어,"오징어,해산물,두족류"
배드민턴,"배드민턴,셔틀콕 경기,실내 스포츠"
"아메리카,미국,미합중국","아메리카,미국,미합중국,USA"
"자랑,뽐내다","자랑,뽐내다,자기과시"
임씨,"임씨,성씨,임"
배구,"배구,네트볼,6인 경기"
"얼마,몇,개수","얼마,몇,개수,수량"
소풍,"소풍,야유회,나들이"
"우울,울상,시무룩하다","우울,울상,시무룩하다,침울"
"부하,수하","부하,수하,아래사람"
조건,"조건,요건,전제,기준"
"총회,총회의","총회,총회의,전체회의"
총재,"총재,수장,대표자"
총장,"총장,학교장,대학장"
금요일,"금요일,불금,주5일의 마지막 평일"
"기억,암기,외다,외우다","기억,암기,외다,외우다,회상"
라면,"라면,인스턴트면"
띠,"띠,별자리띠,띠동갑"
까불다,"까불다,장난치다,경망스럽다"
"구두쇠,수전노","구두쇠,수전노,짠돌이"
크로아티아,크로아티아
"화상,영화","화상,영상,영화,비디오"
아차,"아차,실수했을 때 감탄사"
요일,"요일,요일명,날짜"
"계약,맺다,예매,예약","계약,맺다,예매,예약,약정"
"계산,수,셈,세다¹,헤아리다","계산,수,셈,세다,헤아리다,산출"
"게양,달다","게양,달다,걸다"
괴팍하다,"괴팍하다,까다롭다,별나다"
괴짜,"괴짜,이상한 사람,별종"
"가지다,갖다,지니다,취하다,소유하다,소지하다","가지다,갖다,지니다,취하다,소유하다,소지하다,보유하다"
닭,"닭,계,닭고기"
"기,깃발","기,깃발,국기"
묘사,"묘사,설명,기술"
(공기의)순환,"순환,공기 흐름,(공기의)순환,대류"
"덥다,더위","덥다,더위,열기"
"뚱뚱하다,비대,살찌다","뚱뚱하다,비대,살찌다,과체중"
"뚱뚱이,뚱뚱보,뚱보,뚱땡이","뚱뚱이,뚱뚱보,뚱보,뚱땡이,비만인"
"물건,상품","물건,상품,제품"
"물가,가격","물가,가격,시세"
"많다,흔하다","많다,흔하다,풍부하다"
알바니아,알바니아
강원도,"강원도,강원"
"수병,해병","수병,해병,해군병"
"세면장,세면실","세면장,세면실,화장실"
통합 교육,"통합 교육,통합학습,포괄교육"
수학,"수학,산수,수리학"
"노인,늙은이,늙으신네","노인,늙은이,늙으신네,어르신"
"동갑,동년,동년배","동갑,동년,동년배,같은 나이"
(혈액의)순환,"혈액 순환,순환계,(혈액의)순환"
"합치다,집합,합,모으다,모이다,합하다","합치다,집합,합,모으다,모이다,합하다,통합"
"소화기,소방","소화기,소방,소화 장비"
"기구,조직,짜임,천,헝겊,짜다","기구,조직,짜임,천,헝겊,짜다,구성"
수익,"수익,이익,이윤"
"햇수,연수","햇수,연수,연도"
강당,"강당,대강의실,집회실"
미성년자,"미성년자,청소년,어린이"
극장,"극장,영화관,상영관"
"거리,길거리,통행","거리,길거리,통행,도로"
거두다,"거두다,수확하다,모으다"
"개울,시내,산천","개울,시내,산천,작은 강"
"타월,수건","타월,수건,몸 닦는 천"
무어냐,"무어냐,뭐야,무엇이냐"
"장악,점령,점유,침략,함락","장악,점령,점유,침략,함락,지배"
"소유자,소유주","소유자,소유주,소지인"
"걸레,행주","걸레,행주,닦는 천"
"공사장,공사판","공사장,공사판,건설현장"
건설교통부,"건설교통부,국토교통부"
미숙하다,"미숙하다,미완성,미성숙"
산수,"산수,기초 수학"
피서지,"피서지,휴양지"
연장자,"연장자,나이 많은 사람,선배"
약자,"약자,약한 사람"
총사령관,"총사령관,군 최고지휘관"
"내몰다,몰다","내몰다,몰다,쫓다"
복사기,"복사기,프린터"
"소방수,소방원","소방수,소방원,소방관"
보자기,"보자기,싸개천,천으로 싼 물건"
계약서,"계약서,계약문서,약정서"
"휘어잡다,지배","휘어잡다,지배,통제"
수거,"수거,회수,수집"
건축가,"건축가,설계자"
노약자,"노약자,노인과 약자,취약자"
"강연,연설","강연,연설,강의"
하와이,"하와이,미국령 섬"
해병,"해병,해군,수병"
행인,"행인,보행자,지나가는 사람"
"경과,흐르다","경과,흐르다,시간이 지나가다"
디지털,"디지털,전자,IT"
"녹화,녹음,녹취","녹화,녹음,녹취,기록"
통합,"통합,합치다,통일"
평면도,"평면도,설계도,도면"
기겁,"기겁,놀람,깜짝 놀람"
고양,"고양,상승,드높임"
"그리워하다,동경,사모,그리다,그립다","그리워하다,동경,사모,그리다,그립다,연모"
터미널,"터미널,정류장,종점"
이스라엘,"이스라엘,유대국"
관람,"관람,구경,시청"
"경과,경위","경과,경위,사정"
"그리기,미술,회화,그리다,그림","그리기,미술,회화,그리다,그림,화풍"
"좁다,옹졸하다,치사하다,옹하다","좁다,옹졸하다,치사하다,옹하다,편협하다"
"부진,퇴보,퇴화,하강,하락,후퇴","부진,퇴보,퇴화,하강,하락,후퇴,쇠퇴"
완전하다,"완전하다,충분하다"
구간,"구간,구역,구획"
후회,후회
마늘,마늘
"언덕,구릉","언덕,구릉,둔덕"
매장,"매장,가게,판매처"
첫돌,첫돌
"꾸다,변통,차용,빌리다","꾸다,변통,차용,빌리다,대여"
"복귀,환원,되돌리다,그대로","복귀,환원,되돌리다,그대로,회귀"
"내용,경과,내역,사항","내용,경과,내역,사항,세부"
"조물주,신","조물주,신,창조주"
"따로,분리하다","따로,분리하다,개별로"
"산소,뫼,묘,묘소,무덤","산소,뫼,묘,묘소,무덤,무덤자리"
방글라데시,방글라데시
"발생,생성,나다,나오다,돋다,생기다,솟다,트다","발생,생성,나다,나오다,돋다,생기다,솟다,트다,일어나다"
"묵직하다,무겁다","묵직하다,무겁다,중량감 있다"
"만족,여유,자신,충족,넉넉하다,늠름하다,당당하다,떳떳하다,충분하다,푸짐하다,풍부하다,듬뿍,실컷","만족,여유,자신,충족,넉넉하다,늠름하다,당당하다,떳떳하다,충분하다,푸짐하다,풍부하다,듬뿍,실컷,풍요"
"도착,당도,닿다,이르다,도달","도착,당도,닿다,이르다,도달,접근"
회장,"회장,의장,대표"
"부장,대장","부장,대장,팀장,책임자"
"색칠,칠,도색","색칠,칠,도색,페인트,페인트칠"
"자부심,자부","자부심,자부,긍지"
정정당당하다,"정정당당하다,공정하다,정직하다"
성경,"성경,성서"
분위기,"분위기,기분,무드"
"부두,항구,항","부두,항구,항,선착장"
조,"조,팀,그룹"
"소용없다,쓸데없다,쓸모없다,필요 없다","소용없다,쓸데없다,쓸모없다,필요 없다,무익"
무례,"무례,예의 없음,버릇 없음"
실습,"실습,현장훈련,실제연습"
전복,"전복,뒤집힘,뒤집다"
"유방,젖,가슴","유방,젖,가슴,가슴팍"
"유대인,유태인,이스라엘인","유대인,유태인,이스라엘인"
"배,선박,선척","배,선박,선척,배편"
"최고,달성,이루다,이룩하다","최고,달성,이루다,이룩하다,정점"
모로코,모로코
고속버스,"고속버스,시외버스,장거리버스"
"모두,온통,전부,전체,제반,모든,온,다,모조리,몽땅,죄다","모두,온통,전부,전체,제반,모든,온,다,모조리,몽땅,죄다,전부다"
"겸손,겸허","겸손,겸허"
"간섭,참견,파헤치다,헤치다","간섭,참견,파헤치다,헤치다,끼어들기"
"친구,동무,벗,우인","친구,동무,벗,우인"
식빵,"식빵,빵,샌드위치용 빵"
악어,"악어,파충류,크로커다일"
승용차,"승용차,자동차,세단"
"계단,층계","계단,층계,계단식"
"경치,관람,구경,풍경","경치,관람,구경,풍경,전경"
"단체,그룹,모임,부,부분,부서,서클,회,팀,동아리,무리","단체,그룹,모임,부,부분,부서,서클,회,팀,동아리,무리,조직"
"구걸,동냥","구걸,동냥,거지행위"
"돌려주다,반납,반려,반환,상환","돌려주다,반납,반려,반환,상환,되돌리다"
돌,"돌,석재,암석"
"빼다,깎다,덜다,제하다,배제,감면,빼기,제외,공제,생략,경감","빼다,깎다,덜다,제하다,배제,감면,빼기,제외,공제,생략,경감,삭감"
"비누,세제","비누,세제,클렌저"
무역,"무역,교역,국제거래"
"대구,대구시","대구,대구시,경상북도 도시"
"다이아몬드,금강석,다이아","다이아몬드,금강석,다이아,보석"
"목수,목공","목수,목공,목재 기술자"
목공,목공
만인,"만인,모두,전부"
오리,"오리,가금류,물새"
"지루하다,따분하다","지루하다,따분하다,무료하다"
"과일,과실","과일,과실,열매"
"사형,극형","사형,극형,최고형"
"묘지,무덤","묘지,무덤,묘소"
"무게,중량","무게,중량,질량"
럭비,"럭비,럭비공,구기종목"
"서예,붓글씨,붓글","서예,붓글씨,붓글,필법"
"비법,비결","비법,비결,비전"
비밀,"비밀,기밀,내밀한 것"
낙타,낙타
골키퍼,"골키퍼,수문장,키퍼"
"감싸다,둘러싸다,에워싸다","감싸다,둘러싸다,에워싸다,포위하다"
"환불,환급","환불,환급,되돌려줌"
금강산,"금강산,명산,강원도 산"
부처,"부처,불타,석가"
관광,"관광,여행,관광여행"
권씨,"권씨,권 씨"
"권리,권한","권리,권한,자격"
불필요,"불필요,쓸데없음,무용"
보호자,"보호자,돌보는 사람,후견인"
"석두,돌머리","석두,돌머리"
"내몰다,배척,추방,내쫓다,쫓아내다","내몰다,배척,추방,내쫓다,쫓아내다,축출"
"거치다,방해,지장","거치다,방해,지장,장애"
"뱃사람,선원","뱃사람,선원,항해자"
돌잔치,"돌잔치,첫돌 행사"
"거스름돈,잔액,잔금,잔돈","거스름돈,잔액,잔금,잔돈,거슬러준 돈"
살아남다,"살아남다,생존하다,견디다"
"대출금,대부금","대출금,대부금,빌린 돈"
"권세,권력,세력","권세,권력,세력,힘"
단지,"단지,오로지,단순히"
"강냉이,옥수수","강냉이,옥수수,콘"
"관중,관객,구경꾼","관중,관객,구경꾼,관람자"
잔업,"잔업,초과근무,야근"
"하나님,하느님","하나님,하느님"
함경북도,"함경북도,북함경"
함경남도,"함경남도,남함경"
침몰,"침몰,가라앉음,몰락"
"화가,화백","화가,화백,화가인"
"헌혈,공혈","헌혈,공혈"
화투,"화투,도박패,카드게임,고스톱"
"갱생,회복,소생,재생,회생","갱생,회복,소생,재생,회생,부활"
"피고소인,피고","피고소인,피고,고소당한 사람"
트럭,"트럭,화물차"
자신감,"자신감,자신,자부심"
설거지,"설거지,식기 세척"
이집트,이집트
성직자,"성직자,종교인,목사"
성품,"성품,인품,성격"
성인,"성인,어른,성체"
걷히다,"걷히다,개다,치워지다"
"관대하다,너그럽다","관대하다,너그럽다,포용하다"
스웨덴,스웨덴
녹차,"녹차,초록차"
"교만,거만,오만,건방지다,잘난 척하다","교만,거만,오만,건방지다,잘난 척하다,자만"
"성스럽다,거룩하다","성스럽다,거룩하다,신성하다"
"보이다,(현상을)보다","보이다,(현상을)보다,드러나다"
집어넣다,"집어넣다,넣다,삽입하다"
취하다,"취하다,선택하다,잡다"
방송,"방송,방송하다"
성도,"성도,기독교인,신자"
네덜란드,네덜란드
"기름,숙달,원활,능숙하다,매끄럽다,미끄럽다,순조롭다,자주,빈번히,낯익다","기름,숙달,원활,능숙하다,매끄럽다,미끄럽다,순조롭다,자주,빈번히,낯익다,익숙하다"
아무나,"아무나,누구든지"
설거지,"설거지,식기 세척"
뻔뻔하다,"뻔뻔하다,철면피,당당하다"
배다,"배다,스며들다,스미다"
"내밀다,무소뿔,내세우다","내밀다,무소뿔,내세우다,밀다"
시치미를 떼다,"시치미를 떼다,모른척하다"
감히,"감히,용감하게,대담하게"
대들다,"대들다,반항하다,맞서다"
"귀감,모범,본받다","귀감,모범,본받다,본보기"
떠나갔다,"떠나갔다,떠났다,이동했다"
"데려가다,안내,인도,인솔,데리다,이끌다","데려가다,안내,인도,인솔,데리다,이끌다,동반하다,인솔하다,인도하다,안내하다"
목격,"목격,목격하다,직접 보다"
"부드럽다,스펀지,말랑하다,무르다,물렁하다,보드랍다,유연하다,물렁물렁,말랑거리다,말랑대다","부드럽다,스펀지,말랑하다,무르다,물렁하다,보드랍다,유연하다,물렁물렁,말랑거리다,말랑대다"
"행복,복","행복,복,기쁨"
뻐기다,"뻐기다,뽐내다,자랑하다"
"젖다,적시다,물들다,스미다,스며들다,묻다","젖다,적시다,물들다,스미다,스며들다,묻다,축축하다"
"빈틈없다,완벽","빈틈없다,완벽,철저하다"
"젖,유방,우유","젖,유방,우유,모유"
축복,"축복,복을 빌다"
"과제,숙제","과제,숙제,할일"
"고프다,시장,굶다,배고프다","고프다,시장,굶다,배고프다,허기지다"
손수건,"손수건,행주"
성직,"성직,종교직,사제직"
수렴,"수렴,모으다,집약"
복지 카드,"복지 카드,혜택 카드"
방송국,"방송국,방송사"
복권,"복권,로또"
위,"위,상부,위쪽"
양보,"양보,양도"
봉투,"봉투,포장지"
"복지,복리","복지,복리,사회보장"
미끄러지다,"미끄러지다,넘어지다"
"(쌀이)떨어지다,(쌀이)바닥나다","(쌀이)떨어지다,(쌀이)바닥나다,식량 부족,쌀이 떨어지다, 쌀이 바닥나다"
"철면피,후안,파렴치,몰염치","철면피,후안,파렴치,몰염치,뻔뻔함"
이스라엘,이스라엘
신의주,"신의주,북한 도시"
코를 풀다,"코를 풀다,코 닦다"
매미,"매미,여름 벌레"
"맡기다,임명","맡기다,임명,위임하다"
비디오,"비디오,영상"
데려오다,"데려오다,모시고 오다,데리고 오다"
"무식,무지","무식,무지,몰지각"
갈망,"갈망,열망,원함"
"꺼지다,소등","꺼지다,소등,불이 꺼지다"
"물들다,젖다,적시다,스미다,스며들다,묻다","물들다,젖다,적시다,스미다,스며들다,묻다,색이 배다"
구청,"구청,지자체,행정기관"
불행,"불행,슬픔"
"리더,지도자","리더,지도자,수장,우두머리"
지리산,"지리산,남한 산맥"
"용해,녹다","용해,녹다,녹이다"
말리다,"말리다,건조하다"
루마니아,루마니아
"도맡다,쓰다","도맡다,쓰다,맡아하다"
취소권,"취소권,해지권"
복지 시설,"복지 시설,복지 기관"
행운아,"행운아,운 좋은 사람"
"곱빼기,배가","곱빼기,배가,두 배"
취객,"취객,술 취한 사람"
성배,"성배,성스러운 잔"
성결,"성결,거룩함,순수함"
보건소,"보건소,보건기관"
기초 생활 보호 대상자,"기초 생활 보호 대상자,저소득층 수급자"
야만인,"야만인,미개인"
복지재단,"복지재단,복지기관"
"사회자,사회","사회자,사회,진행자"
"중지,끄다,멈추다,그만,마르다,정지","중지,끄다,멈추다,그만,마르다,정지,종료"
안내소,"안내소,안내 데스크"
휴지,"휴지,종이,화장지"
대인,"대인,위인,성인"
모범생,"모범생,우등생"
하모니카,"하모니카,입으로 부는 악기"
행운,"행운,운,복"
"매혹,매력","매혹,매력,유혹"
떠맡다,"떠맡다,책임지다"
"이메일,메일,전자메일,전자우편","이메일,메일,전자메일,전자우편,편지"
뿌리치다,"뿌리치다,거절하다,떼어내다"
짐바브웨,짐바브웨
재료,"재료,원료,소재"
누룽지,"누룽지,밥 누룬 것"
광부,"광부,채굴 노동자"
"단계,절차,차례","단계,절차,차례,순서"
한식,"한식,한국 음식"
반대쪽,"반대쪽,상대편"
"대비,예비","대비,예비,준비"
키가 크다,"키가 크다,신장이 크다,큰 키"
학수고대,"학수고대,몹시 기다림"
거인,"거인,큰 사람,장신"
발레,발레
키다리,"키다리,장신,큰 키"
복숭아,복숭아
신라,신라
에스컬레이터,"에스컬레이터,자동계단"
"자라다,발육,성숙,성장,장성","자라다,발육,성숙,성장,장성,크다"
분리,"분리,나눔,해체"
"반대,반하다,반-","반대,반하다,반-,거부"
"성인,어른,어르신","성인,어른,어르신,장년"
"아까,전,전에,이전","아까,전,전에,이전,조금 전"
심다,"심다,식재,이식"
"단련,수련,수행,연단","단련,수련,수행,연단,훈련"
"경주,경주시","경주,경주시"
"경상북도,경북","경상북도,경북,경북지역"
"경상남도,경남","경상남도,경남,경남지역"
"문화,문","문화,문,문화유산"
"기다리다,대기,이따가","기다리다,대기,이따가,지연"
미리,"미리,사전,예고"
"키,신장,몸높이,체고","키,신장,몸높이,체고,신체 길이"
광산,"광산,광물 채굴지"
(신체의)등,"(신체의)등,등뼈,등짝,등"
"떠나다,송별,이별,작별,헤어지다","떠나다,송별,이별,작별,헤어지다,출발하다"
널다,"널다,펼치다,늘어놓다"
"보내다,파견","보내다,파견,전송"
"갈등,마찰,거북하다,껄끄럽다,낯설다","갈등,마찰,거북하다,껄끄럽다,낯설다,충돌"
선거,"선거,투표,참정행위"
된장,"된장,콩발효 음식"
불국사,"불국사,사찰,절"
"누구,누가,뉘","누구,누가,뉘,어느 사람"
"비용,경비,-비,용돈","비용,경비,-비,용돈,지출"
송별연,"송별연,이별 파티"
거북,"거북,거북이,파충류"
하인,"하인,종,하급자"
유권자,"유권자,투표권자,선거인"
예언자,"예언자,예지자,선지자"
멀리하다,"멀리하다,회피하다,기피하다"
"노비,노예,심부름","노비,노예,심부름,하인"
문화체육관광부,"문화체육관광부,문체부"
국가유산,"국가유산,문화재"
된장찌개,"된장찌개,된장국,찌개"
"더미,무궁무진,무진장,산더미","더미,무궁무진,무진장,산더미,많은 양"
"필요,소용","필요,소용,필수"
"종,급사,사환","종,급사,사환,하인"
가중,"가중,강화,더함"
경상도,경상도
중고품,"중고품,헌 물건"
파나마,파나마
"열아홉,십구","열아홉,십구"
"관용어,숙어","관용어,숙어,표현"
채팅,"채팅,대화,인터넷 대화"
인터넷,"인터넷,온라인 네트워크"
온라인,"온라인,디지털 상의"
"간혹,가끔,때때로,이따금,종종,간간이,드문드문,종종히,혹","간혹,가끔,때때로,이따금,종종,간간이,드문드문,종종히,혹,가끔씩"
약,"약,약물,약제"
대머리,"대머리,탈모인"
"습관,버릇","습관,버릇,행동 양식"
"처음,시작,우선,초","처음,시작,우선,초,출발"
"당연하다,물론","당연하다,물론,마땅하다"
"귀신,마귀,사탄,악마,유령","귀신,마귀,사탄,악마,유령,영혼"
"약사,약제사","약사,약제사,조제사"
"약국,약방","약국,약방"
예수님,"예수님,예수,구세주"
모기,"모기,해충,벌레"
무뚝뚝하다,"무뚝뚝하다,쌀쌀맞다,무표정하다"
끈적끈적,"끈적끈적,찐득찐득"
"나체,알몸,맨몸,전라","나체,알몸,맨몸,전라,옷 벗은 상태"
꿀,"꿀,벌꿀"
귀신(鬼神)같이 사라지다,"귀신같이 사라지다,갑자기 사라지다,귀신(鬼神)같이 사라지다"
무미건조,"무미건조,재미없음,단조로움"
"첫날,초일","첫날,초일,첫 번째 날"
어림없다,"어림없다,불가능하다"
화요일,"화요일,요일 중 둘째"
"누락,빠지다","누락,빠지다,누락되다"
"(마음이)좁다,옹졸하다,옹하다","마음이 좁다,옹졸하다,옹하다,편협하다,(마음이)좁다"
"장애,병신,제대로 안되다","장애,병신,제대로 안되다,불능"
"귀걸이,귀고리","귀걸이,귀고리,귀장식"
"화장실,변소","화장실,변소,욕실"
"중앙,센터","중앙,센터,중심"
태국,태국
일시불,"일시불,한 번에 결제"
"외아들,독자","외아들,독자,하나뿐인 아들"
통신,"통신,네트워크,연결"
단번에,"단번에,한 번에"
중얼거리다,"중얼거리다,혼잣말하다"
심심하다,"심심하다,무료하다"
"가만있다,멈추다,멎다","가만있다,멈추다,멎다,정지"
"당기다,활,쏘다","당기다,활,쏘다,끌다"
"만,뿐,다만,단지,오로지,오직,한낱","만,뿐,다만,단지,오로지,오직,한낱,단순히"
마다,"마다,각각,모두"
칠레,칠레
"개별,각,각각,각기,개개,낱낱이,제각기,각자","개별,각,각각,각기,개개,낱낱이,제각기,각자,개인의"
쌀,"쌀,곡물"
설악산,"설악산,명산,강원도 산"
"불가능,불능","불가능,불능,할 수 없음"
"분홍,분홍색,핑크,핑크색","분홍,분홍색,핑크,핑크색,장밋빛"
발전,"발전,향상,성장"
뜻밖에,"뜻밖에,예상 밖으로"
관절,"관절,관절부,관절기관"
"세금,조세","세금,조세,납세"
"전기,전자","전기,전자,에너지"
라디오,라디오
전파,"전파,파동,신호"
안되다,"안되다,실패하다,불가"
척추,"척추,등뼈,골격"
막걸리,"막걸리,전통주"
뼈,"뼈,골격"
"무선,전기,전자","무선,전기,전자,케이블 없음"
"분홍,분홍색,핑크,핑크색","분홍,분홍색,핑크,핑크색,장밋빛"
"돌연,홀연","돌연,홀연,갑자기"
쌀밥,"쌀밥,밥,백미"
(활을 쏘는)사수,"(활을 쏘는)사수,활 쏘는 사람"
낙지,낙지
"세리,세관","세리,세관"
궁금하다,"궁금하다,알고 싶다"
중앙청,중앙청
"호주,오스트레일리아","호주,오스트레일리아"
감수,"감수,받아들이다,감수하다"
노리다,"노리다,겨냥하다,의도하다"
"전기공,전공","전기공,전공,전기기술자"
"마리아,성모마리아","마리아,성모마리아,예수 어머니"
네덜란드,네덜란드
ㅖ,ㅖ
제비,"제비,철새"
"매음녀,매춘부,창녀","매음녀,매춘부,창녀,성매매 여성"
ㅒ,ㅒ
예,"예,응,그래"
양장,"양장,양복,양식 복장"
ㅢ,ㅢ
ㅟ,ㅟ
ㅚ,ㅚ
ㅔ,ㅔ
"구실,명목,핑계","구실,명목,핑계,이유"
"교활,여우","교활,여우,간사"
카자흐스탄,카자흐스탄
ㅐ,ㅐ
볼링,"볼링,실내 스포츠"
볼리비아,볼리비아
스타킹,"스타킹,양말류"
기린,기린
"위성,인공위성","위성,인공위성,위성체"
이모부,"이모부,이모의 남편"
"간사하다,속이다","간사하다,속이다,교활하다"
편취죄,"편취죄,사기죄"
"복잡하다,만원,혼잡,붐비다","복잡하다,만원,혼잡,붐비다,혼란"
몽골,몽골
가져가다,"가져가다,챙기다"
경건하다,"경건하다,엄숙하다"
우울증,우울증
감금,"감금,가둠"
넘어오다,"넘어오다,넘다,이동하다"
울분,"울분,분노,억울함"
성병,"성병,성병감염증"
아르헨티나,아르헨티나
"닮다,모사,베끼다,본뜨다,모방하다","닮다,모사,베끼다,본뜨다,모방하다,따라하다"
화가 치밀어 오르다,"화가 치밀어 오르다,격노하다,분노가 솟다"
"반갑다,반기다,재미,흥,흥취,희열,즐겁다,즐기다","반갑다,반기다,재미,흥,흥취,희열,즐겁다,즐기다,기쁘다"
무치다,"무치다,비비다,양념하다"
"훈련병,훈병","훈련병,훈병,신병"
"이용,활용","이용,활용,사용"
국방,"국방,국가방위"
국립,"국립,국가소속"
국군,"국군,군인,국가군대"
소라,"소라,조개류"
설사,"설사,배탈,묽은 변"
되풀이,"되풀이,반복"
"고난,고생,고초,고통","고난,고생,고초,고통,시련"
"격파,깨어지다","격파,깨어지다,부수다"
누르다,"누르다,압박하다,버튼을 누르다"
"끓다,끓이다,데우다,때다,삶다","끓다,끓이다,데우다,때다,삶다,열을 가하다"
"기체,가스체","기체,가스체,공기상태"
"국제,세계,세상","국제,세계,세상,글로벌"
바른 정신이 아니다,"바른 정신이 아니다,정신 나가다,정신 이상"
긁어모으다,"긁어모으다,모으다,수집하다"
"무겁다,부담,부담감,짐","무겁다,부담,부담감,짐,중압감"
"신기하다,교묘하다,묘하다,오묘하다,이상","신기하다,교묘하다,묘하다,오묘하다,이상,기묘하다"
풀려나다,"풀려나다,해방되다,석방되다"
피아노,"피아노,건반악기"
헌법 재판소,"헌법 재판소,법원"
내려놓다,"내려놓다,두다,놓다"
옥탑,"옥탑,옥상방"
"세계인,인류","세계인,인류,전 인류"
"탄압,압박,억압","탄압,압박,억압,강제"
"(공간이)차다,가득차다,메우다","차다,가득차다,메우다,채우다,(공간이)차다"
"어린이,새끼,아이,어린아이,소아","어린이,새끼,아이,어린아이,소아,꼬마"
축제,"축제,잔치,페스티벌"
참고,"참고,참음,인내"
착취,"착취,갈취"
"갇히다,구류,하지 못하게 하다,지배","갇히다,구류,하지 못하게 하다,지배,억류"
"가면,탈","가면,탈,가리개"
"분열,갈라지다","분열,갈라지다,나뉘다"
부반장,"부반장,부급장"
보람,"보람,의의,가치"
보호,"보호,방어,지킴"
피아니스트,"피아니스트,피아노 연주자"
-관,"-관,직책자"
-관,"-관,직책자"
송아지,"송아지,어린 소"
소득,"소득,수익,벌이"
"복잡하다,산만하다","복잡하다,산만하다,어지럽다"
"복사,카피","복사,카피,복제"
어린이날,"어린이날,아이들의 날"
"전쟁,전투","전쟁,전투,무력충돌"
카지노,"카지노,도박장"
"압수,박탈,추징,낚아채다,빼앗다,잡아채다,파리","압수,박탈,추징,낚아채다,빼앗다,잡아채다,파리,몰수"
"반장,급장","반장,급장,대표"
"세상,세계","세상,세계,인류"
심장,"심장,심장부,가슴"
(동물)사자,"사자,맹수,라이온,(동물)사자"
(과일)배,"배,(과일)배,배나무 열매"
"연습,훈련","연습,훈련,리허설"
소화,"소화,흡수,해결"
"오락,레크리에이션","오락,레크리에이션,놀이"
살찌다,"살찌다,비만,체중 증가"
"부피,양,용적,체적","부피,양,용적,체적,용량"
"위험,험하다,위기","위험,험하다,위기,리스크"
"국민,백성","국민,백성,시민"
가로채다,"가로채다,빼앗다"
맵다,"맵다,자극적이다"
애국가,"애국가,국가"
"기피,대피,피신,회피,피하다","기피,대피,피신,회피,피하다,회피하다"
"가렵다,긁다","가렵다,긁다,가려움"
"기계,장치","기계,장치,장비"
"문란,교란,짬뽕,혼합,섞다,소동","문란,교란,짬뽕,혼합,섞다,소동,혼란"
구기다,"구기다,찡그리다"
베드로,"베드로,성자 이름"
"망설이다,주저,머무적거리다,머뭇거리다,서슴다","망설이다,주저,머무적거리다,머뭇거리다,서슴다,망설임"
선풍기,"선풍기,바람기계"
빼앗기다,"빼앗기다,잃다"
마비,"마비,불능,무감각"
버섯,"버섯,균류"
공격,"공격,타격,공격행동"
"의병,의용군,의군","의병,의용군,의군,자원병"
수축,"수축,줄어듦"
"서류,문서","서류,문서,파일"
수박,수박
"편찮다,아프다","편찮다,아프다,병나다"
"색깔,빛깔,색,색상,색채,컬러","색깔,빛깔,색,색상,색채,컬러,톤"
서랍,"서랍,서랍장,수납공간"
성희롱,"성희롱,성추행"
성폭력,"성폭력,강간,성범죄"
호랑나비,호랑나비
번민,"번민,고뇌,괴로움"
"위선자,위선쟁이","위선자,위선쟁이,가식적인 사람"
"-청,지다","청,지다,관청"
"걱정,근심,상심,시름,염려,우수,괴롭다","걱정,근심,상심,시름,염려,우수,괴롭다,불안"
낙태,"낙태,임신 중절"
국유,"국유,국가 소유"
굽다,"굽다,불에 익히다"
"곳,위치,장소,터","곳,위치,장소,터,지점"
"거세다,맹렬하다,진하다,힘차다","거세다,맹렬하다,진하다,힘차다,강렬하다"
감자,"감자,작물,뿌리채소"
(머리를)감다,"감다,머리 씻다,머리감다,머리 감다,(머리를)감다"
"꿈,포부,꿈꾸다","꿈,포부,꿈꾸다,이상"
"꾸짖다,나무라다,야단치다,가책,구박,꾸중,꾸지람,책망,핍박,힐책","꾸짖다,나무라다,야단치다,가책,구박,꾸중,꾸지람,책망,핍박,힐책,비난"
국회의사당,"국회의사당,국회 건물"
국회,"국회,입법기관"
곤란,"곤란,난처"
"타자수,타이피스트","타자수,타이피스트"
"타자,타이핑","타자,타이핑,입력"
흐리다,"흐리다,뿌옇다"
"귀찮다,불편,성가시다","귀찮다,불편,성가시다,짜증"
(관직)관리,"(관직)관리,관직자,공무원"
건청인,"건청인,청인,비장애인"
"긁어먹다,등치다","긁어먹다,등치다,빼앗다"
"성,음란","성,음란"
애국자,"애국자,국가를 사랑하는 사람"
"반역자,역적","반역자,역적,배신자"
사신,"사신,외교사절"
"별세,타계","별세,타계,사망"
"개천절,개천일","개천절,개천일,건국기념일"
부아,"부아,화"
"옮다,옮기다","옮다,옮기다,전염되다"
"몰려가다,몰려들다,쇄도","몰려가다,몰려들다,쇄도,군중이 몰리다"
맏며느리,"맏며느리,첫째 며느리"
"훈련,연습","훈련,연습,수련"
"묶다,매듭","묶다,매듭,결속"
"담당자,책임자","담당자,책임자,관리자"
국보,"국보,국가 보물"
국가,"국가,나라"
"전쟁터,전장","전쟁터,전장,전투지역"
"꽃집,꽃가게,화방,화원","꽃집,꽃가게,화방,화원,플로리스트샵"
"감당,사명,책임,담당,소임,역임,맡다,책임지다","감당,사명,책임,담당,소임,역임,맡다,책임지다,의무"
한자,"한자,중국 문자"
"횡령,착복","횡령,착복,유용"
혁명,"혁명,개혁,정권교체"
"호랑이,범","호랑이,범,맹수"
건청,"건청,청력 있음"
횡령죄,"횡령죄,착복죄"
경색,"경색,막힘"
"동결,얼다","동결,얼다,빙결"
도입,"도입,채택,들이다,들임"
각료,"각료,장관"
"방관,방임,내버리다,방치","방관,방임,내버리다,방치,무시"
괴롭히다,"괴롭히다,학대하다"
"정치인,정치가","정치인,정치가,의원"
털,"털,체모"
"군집,떼,무리","군집,떼,무리,집단"
"국가시험,국가 고시","국가시험,국가 고시,공무원 시험"
"-국,국가,나라","국,국가,나라,국토"
아르헨티나,아르헨티나
"크리스마스,성탄,성탄절","크리스마스,성탄,성탄절,12월 25일"
컴퓨터,"컴퓨터,전자기기,PC"
"아니꼽다,역겹다","아니꼽다,역겹다,불쾌하다"
"상여금,보너스","상여금,보너스,추가급여"
"다정,우정,우애,우의,친목,가까이하다,가깝다,단란하다,의좋다,정답다,친하다,친교","다정,우정,우애,우의,친목,가까이하다,가깝다,단란하다,의좋다,정답다,친하다,친교,친밀감"
"알,계란,달걀","알,계란,달걀,유정란"
"잔,컵","잔,컵,용기"
"턱,한턱","턱,한턱"
통일,"통일,합병,하나됨"
콩고,콩고
콜롬비아,콜롬비아
코스타리카,코스타리카
카메룬,"카메룬,중앙 아프리카"
불가리아,불가리아
친지,"친지,친척,지인"
성당,"성당,천주교 교회"
십자가,"십자가,교회 상징"
"엄숙하다,위엄","엄숙하다,위엄,근엄하다"
간절,"간절,절실,진심"
"참선,선정","참선,선정,명상"
교황,"교황,로마 교황,성부"
"멀미,메스껍다","멀미,메스껍다"
마시다,"마시다,음료 섭취"
"천주교,가톨릭","천주교,가톨릭,가톨릭교"
아르바이트,"아르바이트,파트타임"
센티미터,"센티미터,길이 단위"
노트북 컴퓨터,"노트북 컴퓨터,랩탑"
"넥타이,타이","넥타이,타이,목에 매는 장식"
보수 교육,"보수 교육,재교육"
감동,"감동,감명"
"넘어오다,치밀다","넘어오다,치밀다,올라오다"
(영어지문자)시,"씨,(영어지문자)시, c, C"
"깨물다,물다","깨물다,물다,씹다"
"고백성사,고해,고해성사","고백성사,고해,고해성사,참회"
한꺼번에,"한꺼번에,동시에"
권위자,"권위자,전문가"
권위,"권위,권력,위신"
기와,"기와,지붕 타일"
"단위,제한,한계,한도,한정","단위,제한,한계,한도,한정,범위"
감격,"감격,감동,벅참"
빗다,"빗다,빗질하다"
미달,"미달,부족"
"아흔,구십","아흔,구십,90"
생강,"생강,향신료"
"씨,씨앗,종자","씨,씨앗,종자,씨앗류"
"복직,복임","복직,복임,다시 취임"
할까봐,"할까봐,걱정되다"
놓아주다,"놓아주다,해방하다"
씩씩하다,"씩씩하다,힘차다,활기차다"
"종류,계통,종","종류,계통,종,유형"
의장,"의장,대표,의회장"
"무사,무고","무사,무고,해 없음"
"망하다,도산,파산,망치다","망하다,도산,파산,망치다,실패"
이탈리아,이탈리아
아프리카,아프리카
동사,"동사,행동 동사"
"던지다,투수","던지다,투수,발사하다"
"북어,명태,건태","북어,명태,건태,건조어"
썩 잘하다,"썩 잘하다,아주 잘하다"
납품,"납품,배송,물건 공급"
"짓다,공작,작성,제작,제조,만들다,가공","짓다,공작,작성,제작,제조,만들다,가공,조립"
"복종,순응,순종","복종,순응,순종,복속"
"서운하다,섭섭하다,안타깝다,애석,애타다","서운하다,섭섭하다,안타깝다,애석,애타다,아쉬움"
"자유,임의,마구,마음껏,마음대로,멋대로,제멋대로,함부로","자유,임의,마구,마음껏,마음대로,멋대로,제멋대로,함부로,자유롭게"
우산,"우산,비막이"
작가,"작가,저자,문인"
"열매,결실을 맺다","열매,결실을 맺다,수확"
"배달,배송","배달,배송,전달"
"영향,끼치다,파급","영향,끼치다,파급,작용"
쌓다,"쌓다,올리다,저장하다"
"시위,데모","시위,데모,집회"
"승낙,수락,승인,허가,허락,허용","승낙,수락,승인,허가,허락,허용,수용"
"퍼지다,만연,분산,유포,해산,해체,번지다,옮다,흩어지다","퍼지다,만연,분산,유포,해산,해체,번지다,옮다,흩어지다,확산"
팔레스타인,"팔레스타인,중동 지역"
"낡다,부패,묵다,썩다,헌","낡다,부패,묵다,썩다,헌,노후"
은행,"은행,금융기관"
"수의사,수의","수의사,수의,동물의사"
경매,"경매,입찰"
"기운,힘","기운,힘,에너지"
"골머리를 앓다,골치(가) 아프다","골머리를 앓다,골치(가) 아프다,복잡하다"
"거행,하다","거행,하다,실시하다"
"동요,흔들다","동요,흔들다,흔들림"
"마이크,마이크로폰","마이크,마이크로폰,음성기기"
뻔하다,"뻔하다,명백하다"
마라톤,"마라톤,장거리 달리기"
"안녕,안부","안녕,안부,인사"
아이고,"아이고,감탄사"
우즈베키스탄,우즈베키스탄
예산,"예산,예정 지출"
설명,"설명,해석,해설"
명동,"명동,서울 지역"
"마지못하다,무릅쓰다,불구하다","마지못하다,무릅쓰다,불구하다,억지로"
(음식의)장,"장,된장,간장,음식양념,(음식의)장"
학수고대,"학수고대,몹시 기다림"
"추위,냉각,북,한랭,차다,춥다","추위,냉각,북,한랭,차다,춥다,한기"
취미,"취미,관심사,기호"
짜다,"짜다,염분 많다"
맛없다,"맛없다,싱겁다,입맛에 안 맞다"
조작,"조작,위조,조종"
"익다,여물다,열매","익다,여물다,열매,성숙"
의리,"의리,충성심"
"결정,정하다","결정,정하다,판단"
"개월,몇 개월","개월,몇 개월,월수"
개구리,"개구리,양서류"
"감염,전염,옮다,걸리다","감염,전염,옮다,걸리다,바이러스 전파"
"싸우다,격투,싸움,투쟁","싸우다,격투,싸움,투쟁,충돌"
"성격,-성,성미,성질,질","성격,-성,성미,성질,질,성향"
원망,"원망,탓,불만"
보살,"보살,불교 여성 성인"
"보따리,짐,자루","보따리,짐,자루,꾸러미"
"좋다,선","좋다,선,착하다"
"성적,염소,점수,포인트","성적,염소,점수,포인트,평가"
운동장,"운동장,체육장"
운동선수,"운동선수,선수,체육인"
"운동,스포츠,체육","운동,스포츠,체육,활동"
쇠망,"쇠망,붕괴,몰락"
"헬스클럽,건강 센터,헬스장,피트니스클럽,피트니스센터","헬스클럽,건강 센터,헬스장,피트니스클럽,피트니스센터,운동시설"
인터뷰,"인터뷰,면접,질문과 응답"
"갑자기,냅다,별안간,갑작스럽다,갑작스레","갑작스럽다,문득,돌연히,별안간,홀연히,갑작스레,불현듯,냅다,갑자기"
맥없다,"맥빠지다,힘없다,무기력하다,기운없다,맥없다"
체육관,"스포츠센터,운동장,체육관,체육장"
"타이완,대만","대만,타이완"
검도,"검도,검술,검법"
"파산자,파산채무자","파산자,도산자,파산채무자,지급불능자"
"건강,기력,강건하다,튼튼하다","원기,건장하다,체력,기력,건강,강건하다,활력,정정하다,튼튼하다"
"군인,군사,병사,병정,장병","사병,병사,병력,병정,전사,군사,무인,장병,군인"
썰매,"스노보드,스키,썰매"
역도,"웨이트리프팅,역도,중량 들기"
포복절도,"폭소,대폭소,배꼽 잡다,포복절도,박장대소"
복구,"수리,복구,복원,재건,회복"
오토바이,"모터사이클,바이크,오토바이"
사육사,"동물 조련사,동물 사육자,사육사"
"운전,핸들","스티어링,운전,핸들,드라이빙,조종"
북아메리카,"북미,북아메리카"
아나운서,"캐스터,방송원,아나운서,진행자"
"자전거,사이클","바이시클,두 바퀴차,사이클,자전거"
"의지,기대다","기댐,의뢰,의탁,의지,의존,기대다"
"우연,공교롭다","갑작스럽다,돌발적이다,우발적이다,우연,뜻밖,공교롭다"
부활,"회생,소생,재생,부활"
"고장,꺾다,부러지다","고장,손상,파손,망가뜨리다,끊다,꺾다,부러지다"
"가마니,가마","가마니,가마,멍석,돗자리"
당황,"당혹,난처,혼란,허둥지둥,당황"
기둥,"대들보,지주,기둥,주춧돌"
당구,"포켓볼,당구,스누커"
양파,"어니언,양파"
용서,"용서,관용,사면,용납,용인"
아이스크림,"냉과,아이스크림,빙과"
스코틀랜드,"스코틀란드,스코트랜드,스코틀랜드"
윷,"윷놀이,윷"
코끼리,"코끼리,상아동물"
동물원,동물원
"동물,짐승","야수,짐승,금수,동물"
고구마,"단감자,감저,고구마"
동시,"한꺼번에,동시에,동시,일제히"
남아프리카공화국,"남아공,남아프리카공화국"
망치,"장도리,해머,망치"
"망각,잊다,잊어버리다","기억상실,잊어버리다,잊음,잊다,망각,실기"
생존,"생존,생명 유지,살아남다,존재"
뿌리다,"퍼뜨리다,뿌리다,흩뿌리다,살포하다"
"맛있다,맛나다,맛","감칠맛,맛,맛있다,맛나다,고소하다,달콤하다,풍미"
냉장고,"아이스박스,냉장고,냉동고"
냉면,"찬면,차가운 국수,냉면"
"대만,타이완","대만,타이완"
"가방,들다","핸드백,휴대하다,백팩,가방,소지하다,들다"
"머무르다,존재,체류,계시다,묵다","머무르다,거주하다,체류,머물다,상주하다,묵다,체재하다,계시다,존재"
불허,"금지,허용하지 않음,불허,불인가"
농구,"농구,바스켓볼"
"버리다,폐기,폐하다","처분,폐하다,폐기,내놓다,그만두다,버리다,버려두다,처치"
"목장,목축장","목장,가축사육장,축산장,목축장"
"수고,노고,품","노고,애씀,수고,품,고생,노력"
만점,"만점자,100점,만점,만점 획득"
솥,"솥단지,냄비,가마솥,솥"
"신,신발","슬리퍼,샌들,운동화,신발,신,구두"
"운전사,운전기사,운전수","드라이버,운전사,운전기사,운전수,기사님"
"벌써,삽시간,어느덧,어느새,어언간,이미","이미,단숨에,어느새,금세,어느덧,삽시간,어언간,벌써,순식간"
몰염치,"파렴치,후안무치,몰염치,염치없음"
수출,"외국수출,수출,해외판매,수출입"
번개,"섬광,천둥번개,전광,번개"
새벽,"새벽,이른 아침,여명,동틀 무렵"
"비좁다,배좁다","배좁다,협소하다,좁다,비좁다,답답하다"
비빔밥,"비빔국밥,비빔밥,비빈밥"
할복,"할복,배를 가름,자결"
호인,"인정 많은 사람,좋은 사람,호인"
구타,"폭행,구타,집단폭행,때리기"
"집행,활동,활약","활약,활동,집행,이행,수행,실행"
"수,운,운명,운수,점,천명","운수,사주,점,수,팔자,명운,숙명,운,천명,운명"
해설자,"캐스터,해설위원,아나운서,해설자"
"광,창고","창고방,광,보관소,저장고,창고"
작위,"직책,작위,계급,칭호"
군사령관,"지휘관,총사령관,군사령관"
곳간,"식량창고,곳간,창고,저장소"
골프,"퍼팅,골프,티샷,골프경기"
"테니스,정구","라켓볼,스쿼시,테니스,정구"
"(물건을)인도, 인도받다","전달,(물건을)인도,양도,받다,수령, 인도받다"
"군,군대","병력,무장집단,군,군대,군부대"
고환,"음낭,정소,고환"
"체전,운동회","체전,체육대회,운동회,스포츠대회"
체류자,"머무는 사람,거주자,체류자,체재자"
이끌리다,"유인되다,이끌리다,매료되다,끌리다"
"북녘,북쪽,북,북방,북측","북한,북녘,북쪽,북방,북,북측,북반구"
"삯,품삯,수고비,수수료","수고비,수수료,대가,삯,보수,급여,품삯,임금"
하자,"결함,흠,불량,하자"
함장,"선장,지휘관,함장"
"달리기,달리다,뛰다","스프린트,러닝,뛰다,달리기,달리다,질주"
"권투,복싱","복싱,권투시합,복싱경기,권투"
다단계,"다단계판매,네트워크마케팅,다단계"
테니스를 치다,"테니스를 치다,테니스 경기,라켓을 휘두르다"
엔진,"엔진,모터,기관"
"영결식,발인","영결식,발인,장례식,장지행,장례의식"
부대,"부대,여단,군부대,사단"
"운동복,체육복","운동차림,체육복장,운동복,체육복"
사령관,"사령관,총지휘관,군사령관"
"사냥꾼,수렵꾼","사냥꾼,사냥인,헌터,수렵자,수렵꾼"
씩씩하다,"의기양양하다,씩씩하다,활기차다,용감하다"
북도,"북방도,북쪽 지방,북도"
"위반,위배","위반,법규 위반,불복종,위배,일탈"
예산안,"재정안,예산안,예산서,예산 계획"
"공,공로","기여,업적,성과,공,공로"
"에어컨,냉방","냉방,냉방기기,냉기장치,에어컨"
"반발,반항,불복,불순종,저항,어기다","불복,저항하다,항거,반발,저항,어기다,반항,거부,불순종,불응"
(택배)배달원,"배송기사,택배기사,(택배)배달원"
고정,"고정됨,고정,부착,정착"
"군용기,군용비행기","전투기,공군기,군용비행기,군용기,폭격기"
군사재판,"군사재판소,군사재판,군법회의"
군복,"군복,복장,군제복,제복"
광장,"플라자,광장,공터,광야"
강자,"힘센 사람,권력자,우승자,강자"
합당하다,"합당하다,마땅하다,적합하다,적절하다"
"합격,당첨,붙다","당첨,합격하다,붙다,당선,합격,선발"
"학급,학반","학급,반,수업조,학반,클래스"
해방,"해방,자유,독립,석방"
지리멸렬,"혼란,산만함,무질서,지리멸렬"
호텔,"모텔,숙박업소,호텔,여관"
"행동,거동,동작,짓,품행,행실,행위,움직이다,행하다","행위,처신,행하다,짓,움직임,품행,실행,행실,움직이다,소행,실천,동작,행동,거동"
활동 보조인,"케어보조,활동 보조인,생활 보조인,도우미"
"가지고 다니다,휴대","지참,휴대하다,소지,들고 다니다,휴대,가지고 다니다"
"계기,동기,말미암다,-자","계기,원인,방아쇠,출발점,동기,말미암다,-자"
폭행,"타격,구타,가해,폭행,폭력"
판사,"재판관,판사,법관"
힘없다,"무기력하다,기운없다,약하다,힘없다"
통장,"예금통장,통장,계좌부"
"평균,평균값,평균치","산술평균,평균,평균값,중간값,평균 수치,평균치"
제작소,"공장,작업장,제작소,제작업체"
"전염병,돌림병","팬데믹,감염병,전염병,돌림병,유행병"
운동화,"스니커즈,운동용 신발,러닝화,운동화"
이병,"훈련병,일병,이병"
태권도,"무술,격투기,국기,태권도"
풍선,"기구,풍선,벌룬"
(바지를)입다,"바지를 착용하다,착용하다,(바지를)입다"
"씻다,닦다","세척하다,청소하다,씻다,씻김,닦다"
당하다,"피해를 입다,맞닥뜨리다,당하다,겪다"
"억지,강제,형벌,징계,꼬집다,벌,징벌","응징,강압,처벌,억지,형벌,징벌,강요,강제,꼬집다,벌,징계"
"수면,숙박,잠,기숙사,자다","수면,잠,잠자기,자다,취침,자는 것,숙면,기숙사,숙박,숙소생활"
리,"리,마을,이"
"웃다,웃음","웃다,실소,웃음,미소,박장대소"
"답답하다,갑갑하다","숨막히다,막막하다,갑갑하다,조이다,답답하다"
다리다,"다림질하다,다리다,주름을 펴다"
"갈고닦다,연마,단련","익힘,갈고닦다,연마,단련,숙련,훈련"
"신중,경계,조심,주의,준수,지키다","조심성,지키다,신중,유의하다,신중함,주의하다,경계,경계하다,조심,주의,준수"
"복장,입다","착용,입다,옷차림,의복,복장"
"미장공,미장이,미장쟁이","미장사,벽면공,미장공,미장이,미장 기술자,미장쟁이"
"무리,억지로,제재","과도함,무모함,압박,제재,억지로,무리,강제"
첼로,"현악기,첼로"
"배우,연기자","연기자,탤런트,배우,연예인,아티스트"
바이올린,"현악기,바이올린"
조개,조개
"춤,무용,연극,추다,춤추다","공연,춤추다,추다,무대예술,퍼포먼스,춤,무용,연극"
고릴라,"유인원,영장류,고릴라"
"가구,장","가구,가재도구,장,수납장,가전"
"꽃,(꽃이)피다","꽃,(꽃이)피다,개화하다,개화,만개하다"
"덕수궁,경운궁,명례궁","조선궁궐,고궁,명례궁,경운궁,왕궁,덕수궁"
"빨래,빨다,세탁","빨래,세탁하다,세탁,빨랫감,빨다,세정"
"기숙사,생활관","기숙사,숙소,합숙소,생활관"
미장,"벽바르기,미장,미장 작업"
줄넘기,"줄넘기,줄뛰기,점프줄"
벌금,"벌금,과태료,처벌금"
"번호,번,숫자","수치,번,숫자,기호,번호,넘버"
수류탄,"수류탄,수류 무기,폭탄"
비자,"비자서류,비자,입국허가"
"유별나다,독특,유별스럽다","특이하다,색다르다,개성있다,유별스럽다,유별나다,독특"
곰,"불곰,곰,흑곰"
과징금,"벌금,과징금,제재금"
"그릇,사발","사발,공기,밥그릇,식기,그릇"
난동,"소란,소요,난동,폭동"
사면,"특사,사면,감형,용서"
숙소,"게스트하우스,숙소,호텔,여관"
"과자,쿠키","비스킷,스낵,간식,과자,쿠키"
"게으름뱅이,게으름쟁이","무기력한 자,게으름쟁이,게으름뱅이,나태한 사람"
"게으름,게으르다,게으름을 피우다,나태,태만","게으르다,게으름을 피우다,게으름,태만,게으름증,무기력,일 안함,나태"
억류,"억제,구속,억류,구금"
벗다,"제거하다,탈의하다,벗다"
빨래터,"빨래터,세탁장,빨래하는 곳"
"무용수,무용가","무용가,댄서,무용수,춤꾼"
계급,"서열,직위,계급,등급"
"걷어붙이다,적극","적극,의욕적,적극적,걷어붙이다,팔 걷다"
"난항,어려워하다,어렵다","어려워하다,난관,힘들다,난항,어렵다,난제,고난"
(맛이)짜다,"염분 많다,(맛이)짜다,간이 세다,짭짤하다,짜다"
"여자,여성,여","여인,여성,여,여자사람,여자,여성분"
"가느다랗다,가냘프다,가늘다","가냘프다,섬세하다,얇다,가느다랗다,가늘다,가는"
"여성,부녀,부녀자,여인,여자,계집","여인,부녀자,여성,여자사람,여성군,여자,여성분,부녀,계집,숙녀"
"하자,불량","결함,고장,하자,문제점,불량"
"불량,결함","결함,하자,불량,문제,이상"
"장모,장모님","처가댁 어머니,처가 어른,장모,장모님"
처남,"처남,처제의 오빠,아내의 남동생"
"디자인,도안,설계","기획,디자인,설계도,설계,도안,디자인안"
누이,"여동생,누이동생,누이"
"여성 단체,부녀회","여성 단체,여성 모임,여성 조직,부녀자 모임,부녀회"
"바다,해양","대양,바다,해양,수역,해수면"
ㅣ,"기호 'ㅣ',ㅣ,일자,세로줄"
대모,"여성 후원자,세례모,의붓어머니,대모"
꼴찌,"최하위,맨끝,마지막,꼴찌"
"미녀,미인","아름다운 여성,미녀,미모의 여성,여신,미인"
"막내딸,막내","막내 자식,말단,막내,막내아이,막내딸"
"마누라,미시즈,배우자,부인,아내,처","아내분,미시즈,안사람,부인,집사람,마누라,배우자,처,아내,동거녀"
"연인,애인","파트너,사랑하는 사람,연인,애인,연애상대"
해수욕,"수영,바닷물놀이,해수욕,바다수영"
"괜찮다,무방하다","지장없다,괜찮다,무방하다,좋다,문제없다"
자매,"여성 자매,여자형제,시스터,자매"
차녀,"둘째 따님,차녀,둘째딸"
사위,"사위,딸의 남편,따님 사위"
여성가족부,"여가부,여성가족부,여가족부"
"여동생,누이,누이동생","여동생,여성형제,누이,누이동생,아우"
언니,언니
"장인,장인어른","장인어른,장인,처가 아버지,장인장모 중 아버지"
처형,"아내의 언니,아내의 누나,처형"
"시집가다,출가","결혼하다,혼인하다,시집가다,출가,출가하다"
아이디어,"아이디어,발상,창안,생각"
처가,"처가,장모댁,아내의 집"
계모,"계모,의붓어머니,새어머니"
"딸,여식","여식,여자아이,여아,딸,자식"
"맏딸,장녀,큰딸","큰딸,큰아이,첫째딸,장녀,첫딸,맏딸"
"외동딸,무남독녀,외딸","딸 하나,외딸자식,외동딸,외딸,무남독녀"
"누나,누님","자매,누님,누나,누이"
위약,"약속 위반,불이행,위약,계약 파기"
여성부,"여가부,여성가족부,여성부"
애처가,"아내 사랑꾼,애처가,아내바라기,가정적인 남편"
"매형,매부","형부,매형,처남댁,매부,누이의 남편"
"하이힐,힐","여성용 구두,하이힐,힐,굽 높은 신발"
해군,"해군,해상군,수군,바다군대"
매제,"여동생의 남편,제부,매제"
"홀아비,홀아버지","배우자를 잃은 남자,홀아비,홀아버지,독신 부친"
형부,"형부,언니의 남편,매형"
해수욕장,"해변,바닷가,해수욕장,비치"
레즈비언,"레즈비언,동성애자,여성 동성애자,여성 간의 연인"
"디자이너,도안자,설계사","설계자,설계사,디자이너,기획자,도안자,디자인가"
"꼭,약속,-야,필수,필시","약속,꼭,필시,반드셔야,의무,-야,필수,반드시,정해진"
어기다,"어기다,지키지 않다,위반하다,무시하다"
"곤충,벌레","벌레류,곤충류,곤충,해충,벌레"
동맹,"협약,연합,결연,동맹"
"훌륭하다,장하다,우수하다","뛰어나다,우수하다,우월하다,장하다,훌륭하다,대단하다"
"존댓말,존대어","격식어,존대어,높임말,존경어,존댓말"
인성,"인성,성품,개인성향,성격"
"인도,섬부주","인도,섬부주,인도아대륙,아시아 대륙"
"선수를 치다,손쓰다,할까봐","손쓰다,선수를 치다,미리하다,선제 대응,할까봐,선제행동"
"귀국,착륙,내려앉다","귀국,입국,착륙,내림,도착,내려앉다"
"자결,자살,자해","자신에게 해를 끼침,스스로 목숨을 끊다,자살,자해,자결"
"손가방,핸드백","핸드백,손가방,클러치백,여성가방,작은 가방"
와이셔츠,"드레스셔츠,남방,셔츠,와이셔츠"
"우수,훌륭하다","뛰어나다,우수,출중하다,훌륭하다,탁월하다"
충성,"헌신,충절,충성,충직"
"마약,아편,중독,탐닉","약물중독,아편,탐닉,중독,환각제,마약,의존성 약물"
알제리,"알제리,알제,알제리국"
장하다,"뿌듯하다,장하다,대견하다"
"충청북도,충북","충북도,충청북,충북,충청북도"
"잠꾸러기,잠보","수면 애호가,잠보,잠꾸러기,잠이 많은 사람"
상장,"수료증,증서,표창장,상장"
사회,"사회,세상,공동체,커뮤니티"
있다,"있다,가지고 있다,존속하다,존재하다"
유교,"유교,유가,성리학,공자사상"
독일,"독일,Germany,도이칠란트"
인터뷰,"대담,인터뷰어 대화,인터뷰,면담"
(열매)밤,"밤 열매,밤나무 열매,(열매)밤"
역사,"연대기,역사,과거 사건,히스토리"
소매치기,"도둑,소매치기,소매절도,절도범"
"사람,인간,분,이,자,-민","-민,인류,사람,자,개인,분,인간,이,사람들"
상,"상금,트로피,상,표창"
"충청남도,충남","충남,충청남,충남도,충청남도"
"고아원,보육원","고아원,아동보호시설,양육원,보육원"
고아,"부모 없는 아이,고아,무부모자"
"전화,전화기","전화,통화기기,전화기,수화기,스마트폰"
"이륙,출국","비행 시작,해외 출국,출국,이륙,출발"
친척,"혈족,친척,일가,가족 관계자"
주전자,"물 끓이는 주전자,포트,주전자"
데이트,"데이트 약속,데이트,연애모임,만남"
구인,"사람 구함,직원 모집,구인,채용"
공군,"공중군,항공군,공군"
"독일어,독어","독일 언어,도이치어,독어,독일어"
"도의,예의,에티켓","에티켓,예절,예의상,도의,예의범절,예의"
"비행기,항공,항공기","항공,에어크래프트,항공기,비행체,항공기기,비행기"
맞선,"맞선,중매,소개팅"
항공사,"항공사,항공회사,에어라인"
"공항,비행장","이착륙장,비행장,공항시설,공항"
곡괭이,"굴착기,곡괭이,곡괭이질 도구"
날치기,"날치기,재빠른 절도,도둑질"
팔도,"여덟 도,한국 전역,전국,팔도"
"분,사람","분,사람,개인,인간,인물"
쿨쿨,"푹 자다,잠든 상태,쿨쿨"
따르다,"뒤따르다,쫓아가다,따르다,복종하다"
소재,"위치,재료,소재지,소재"
인부,"노동자,인부,현장인력,작업자"
영웅,"구세주,용사,영웅호걸,영웅"
"인품,인격","성품,인격,인품,개성,사람됨됨이"
저명인사,"명사,공인,유명인,저명인사"
전화번호,"연락처,통화번호,전화번호,번호"
충신,"충신,충절 있는 신하,충직한 인물"
"조종사,비행사","항공기 조종사,파일럿,비행사,조종사"
유적지,"역사유적,유적지,사적지,고적"
